engine_temp,brake_wear,hydraulic_pressure,flight_hours,fuel_efficiency,airspeed,altitude,outside_temp,failure_label,aircraftID,timestamp,flight_status,location
813,0.74,2300,4108,0.58,555,11334,-60,no_issue,CRJ700-001,2025-08-15T08:00:00Z,ON_GROUND,COK
625,0.01,2467,4450,0.41,736,17136,-59,no_issue,A320-001,2025-08-15T08:00:30Z,IN_FLIGHT,DEL
857,0.48,2787,4844,0.72,438,39992,9,no_issue,A350-001,2025-08-15T08:01:00Z,IN_FLIGHT,PNQ
1161,0.59,2692,1594,0.42,950,39612,-25,overheat,B787-001,2025-08-15T08:01:30Z,ON_GROUND,DEL
944,0.79,3306,385,0.62,730,16157,26,no_issue,A320-002,2025-08-15T08:02:00Z,ON_GROUND,MAA
1014,0.45,3204,423,0.36,591,29960,10,overheat,B737-001,2025-08-15T08:02:30Z,ON_GROUND,GOI
807,0.14,2794,3701,0.56,713,29353,-27,no_issue,B737-002,2025-08-15T08:03:00Z,ON_GROUND,MAA
654,0.4,3831,2976,0.59,645,23348,-21,no_issue,E190-001,2025-08-15T08:03:30Z,ON_GROUND,BLR
804,0.16,3535,3039,0.33,625,20444,14,no_issue,E190-002,2025-08-15T08:04:00Z,ON_GROUND,BOM
1171,0.32,2090,3671,0.37,450,37618,-7,overheat,A350-002,2025-08-15T08:04:30Z,ON_GROUND,IXC
849,0.15,3551,3505,0.66,526,28180,-35,no_issue,B737-003,2025-08-15T08:05:00Z,ON_GROUND,HYD
1169,0.81,2864,2624,0.83,402,18895,15,overheat,CRJ700-002,2025-08-15T08:05:30Z,ON_GROUND,COK
1125,0.77,2620,128,0.53,697,15185,23,overheat,E190-003,2025-08-15T08:06:00Z,IN_FLIGHT,IXC
849,0.77,3107,3570,0.82,539,11198,25,no_issue,CRJ700-003,2025-08-15T08:06:30Z,ON_GROUND,BOM
842,0.83,3765,4506,0.81,804,18541,-34,no_issue,A320-003,2025-08-15T08:07:00Z,IN_FLIGHT,DEL
1145,0.41,3040,1527,0.76,593,29059,-17,overheat,B737-004,2025-08-15T08:07:30Z,ON_GROUND,COK
671,0.73,2402,627,0.51,731,26466,0,no_issue,B737-005,2025-08-15T08:08:00Z,ON_GROUND,PNQ
1049,0.9,3236,4239,0.41,581,20742,-2,overheat,CRJ700-004,2025-08-15T08:08:30Z,ON_GROUND,COK
774,0.24,3129,2832,0.43,483,18468,25,no_issue,CRJ700-005,2025-08-15T08:09:00Z,IN_FLIGHT,BOM
1186,0.76,2215,383,0.55,434,32053,-35,overheat,B737-006,2025-08-15T08:09:30Z,ON_GROUND,HYD
965,0.67,2385,1617,0.83,424,24428,13,overheat,CRJ700-006,2025-08-15T08:10:00Z,ON_GROUND,HYD
1133,0.39,3141,3955,0.34,734,24161,20,overheat,A320-004,2025-08-15T08:10:30Z,ON_GROUND,PNQ
1158,0.54,3737,2882,0.7,907,37419,-3,overheat,B787-002,2025-08-15T08:11:00Z,ON_GROUND,MAA
1100,0.59,2918,783,0.23,771,29152,-18,overheat,B737-007,2025-08-15T08:11:30Z,IN_FLIGHT,IXC
661,0.16,2639,4785,0.5,438,38536,-16,no_issue,A350-003,2025-08-15T08:12:00Z,IN_FLIGHT,BLR
888,0.19,3376,2795,0.86,724,35364,15,no_issue,A350-004,2025-08-15T08:12:30Z,ON_GROUND,MAA
1039,0.16,3484,1287,0.8,540,38654,24,overheat,A350-005,2025-08-15T08:13:00Z,ON_GROUND,BLR
871,0.79,3841,1623,0.36,700,21434,40,no_issue,E190-004,2025-08-15T08:13:30Z,ON_GROUND,CCU
899,0.16,3618,2505,0.69,540,38258,15,no_issue,A350-006,2025-08-15T08:14:00Z,ON_GROUND,BLR
616,0.73,2756,1493,0.25,694,39893,-41,no_issue,A350-007,2025-08-15T08:14:30Z,IN_FLIGHT,IXC
682,0.03,2472,933,0.61,877,19042,24,no_issue,A320-005,2025-08-15T08:15:00Z,ON_GROUND,COK
934,0.73,3047,3329,0.57,577,31282,-34,no_issue,B737-008,2025-08-15T08:15:30Z,ON_GROUND,IXC
926,0.3,3262,1348,0.48,735,15522,5,no_issue,A320-006,2025-08-15T08:16:00Z,IN_FLIGHT,MAA
1080,0.42,3947,2853,0.25,456,19843,-38,overheat,CRJ700-007,2025-08-15T08:16:30Z,ON_GROUND,COK
887,0.37,2075,4802,0.55,716,32775,-15,no_issue,B737-009,2025-08-15T08:17:00Z,IN_FLIGHT,PNQ
680,0.33,2593,4334,0.41,531,12083,-7,no_issue,CRJ700-008,2025-08-15T08:17:30Z,ON_GROUND,DEL
1168,0.7,2241,2533,0.38,928,32756,-22,overheat,B737-010,2025-08-15T08:18:00Z,ON_GROUND,PNQ
1097,0.57,2701,1387,0.68,474,15514,22,overheat,CRJ700-009,2025-08-15T08:18:30Z,IN_FLIGHT,DEL
934,0.8,3817,3062,0.24,899,19514,-59,no_issue,A320-007,2025-08-15T08:19:00Z,IN_FLIGHT,DEL
872,0.17,2424,4694,0.77,835,33973,38,no_issue,B737-011,2025-08-15T08:19:30Z,IN_FLIGHT,PNQ
720,0.55,2818,4681,0.25,453,20677,20,no_issue,CRJ700-010,2025-08-15T08:20:00Z,ON_GROUND,CCU
844,0.88,2071,3038,0.68,834,21922,-44,brake_failure,A320-008,2025-08-15T08:20:30Z,ON_GROUND,HYD
1048,0.61,3898,3231,0.89,627,14972,32,overheat,E190-005,2025-08-15T08:21:00Z,IN_FLIGHT,IXC
1068,0.73,3729,416,0.38,426,24643,39,overheat,CRJ700-011,2025-08-15T08:21:30Z,ON_GROUND,CCU
1159,0.09,3770,220,0.68,556,34899,-5,overheat,B737-012,2025-08-15T08:22:00Z,IN_FLIGHT,MAA
622,0.26,3131,1415,0.23,638,12338,18,no_issue,E190-006,2025-08-15T08:22:30Z,ON_GROUND,HYD
716,0.88,3426,3745,0.67,935,10226,7,brake_failure,A320-009,2025-08-15T08:23:00Z,ON_GROUND,GOI
722,0.89,3085,3898,0.6,623,38147,-47,brake_failure,A350-008,2025-08-15T08:23:30Z,IN_FLIGHT,PNQ
993,0.53,2704,306,0.51,936,22560,5,overheat,A320-010,2025-08-15T08:24:00Z,ON_GROUND,BLR
1090,0.64,2269,4809,0.21,695,33831,40,overheat,B737-013,2025-08-15T08:24:30Z,IN_FLIGHT,BOM
877,0.56,3895,3198,0.56,454,15038,-51,no_issue,CRJ700-012,2025-08-15T08:25:00Z,IN_FLIGHT,MAA
1122,0.03,2406,3492,0.32,593,30661,-51,overheat,B737-014,2025-08-15T08:25:30Z,IN_FLIGHT,HYD
796,0.91,2972,4172,0.26,805,10936,17,brake_failure,A320-011,2025-08-15T08:26:00Z,ON_GROUND,CCU
848,0.3,3118,4447,0.6,493,18699,-43,no_issue,CRJ700-013,2025-08-15T08:26:30Z,IN_FLIGHT,PNQ
862,0.47,2515,1971,0.24,509,18352,-5,no_issue,CRJ700-014,2025-08-15T08:27:00Z,ON_GROUND,PNQ
633,0.64,2936,353,0.24,453,16100,-59,no_issue,CRJ700-015,2025-08-15T08:27:30Z,IN_FLIGHT,IXC
1188,0.68,3720,1821,0.34,614,32105,-26,overheat,B737-015,2025-08-15T08:28:00Z,ON_GROUND,IXC
627,0.84,2806,474,0.72,537,28600,-31,no_issue,B737-016,2025-08-15T08:28:30Z,IN_FLIGHT,MAA
962,0.69,2794,1988,0.83,418,17307,-46,overheat,CRJ700-016,2025-08-15T08:29:00Z,ON_GROUND,MAA
654,0.9,2495,478,0.24,465,16059,31,brake_failure,CRJ700-017,2025-08-15T08:29:30Z,IN_FLIGHT,COK
1049,0.04,3614,4239,0.31,538,29164,33,overheat,B737-017,2025-08-15T08:30:00Z,IN_FLIGHT,PNQ
891,0.63,3249,1340,0.74,673,31831,-27,no_issue,B737-018,2025-08-15T08:30:30Z,IN_FLIGHT,PNQ
874,0.07,2926,4649,0.59,737,29323,-1,no_issue,B737-019,2025-08-15T08:31:00Z,ON_GROUND,DEL
1092,0.48,2761,4058,0.28,787,29373,-33,overheat,B737-020,2025-08-15T08:31:30Z,ON_GROUND,BOM
959,0.93,3888,19,0.88,948,11593,5,overheat,A320-012,2025-08-15T08:32:00Z,IN_FLIGHT,PNQ
777,0.31,3369,1965,0.41,948,21093,7,no_issue,A320-013,2025-08-15T08:32:30Z,ON_GROUND,GOI
821,0.88,2664,1157,0.22,616,15702,12,brake_failure,E190-007,2025-08-15T08:33:00Z,ON_GROUND,IXC
735,0.56,3112,3454,0.71,862,38477,15,no_issue,A350-009,2025-08-15T08:33:30Z,IN_FLIGHT,MAA
627,0.11,2249,4707,0.89,939,33645,-24,no_issue,B737-021,2025-08-15T08:34:00Z,ON_GROUND,IXC
627,0.81,2101,3035,0.53,578,15738,-17,no_issue,CRJ700-018,2025-08-15T08:34:30Z,IN_FLIGHT,DEL
1108,0.26,3236,3146,0.36,508,33983,-11,overheat,B737-022,2025-08-15T08:35:00Z,ON_GROUND,DEL
913,0.52,2697,1129,0.77,874,35906,9,no_issue,A350-010,2025-08-15T08:35:30Z,IN_FLIGHT,PNQ
729,0.47,2899,3591,0.67,469,38456,-47,no_issue,A350-011,2025-08-15T08:36:00Z,ON_GROUND,BLR
986,0.83,2799,164,0.5,503,29709,-21,overheat,B737-023,2025-08-15T08:36:30Z,ON_GROUND,MAA
789,0.31,3874,912,0.58,888,34694,-44,no_issue,B737-024,2025-08-15T08:37:00Z,ON_GROUND,COK
859,0.57,3365,2482,0.28,549,10536,35,no_issue,CRJ700-019,2025-08-15T08:37:30Z,ON_GROUND,CCU
677,0.77,3838,4416,0.56,634,25781,-57,no_issue,B737-025,2025-08-15T08:38:00Z,ON_GROUND,MAA
1189,0.35,3755,1755,0.35,944,27739,12,overheat,B737-026,2025-08-15T08:38:30Z,IN_FLIGHT,DEL
836,0.24,3780,3416,0.2,547,11811,2,no_issue,CRJ700-020,2025-08-15T08:39:00Z,ON_GROUND,GOI
607,0.77,3271,1889,0.73,509,35457,29,no_issue,A350-012,2025-08-15T08:39:30Z,ON_GROUND,BLR
1152,0.52,2265,4318,0.64,820,23497,-17,overheat,A320-014,2025-08-15T08:40:00Z,IN_FLIGHT,DEL
968,0.45,3992,2743,0.57,937,11145,-13,overheat,A320-015,2025-08-15T08:40:30Z,ON_GROUND,GOI
879,0.46,2035,2842,0.35,713,15001,-7,no_issue,A320-016,2025-08-15T08:41:00Z,ON_GROUND,PNQ
729,0.57,3312,4429,0.44,915,23711,-58,no_issue,A320-017,2025-08-15T08:41:30Z,ON_GROUND,CCU
1034,0.07,3170,749,0.78,595,23582,-16,overheat,CRJ700-021,2025-08-15T08:42:00Z,ON_GROUND,COK
1032,0.51,2671,4478,0.33,876,33318,16,overheat,B737-027,2025-08-15T08:42:30Z,IN_FLIGHT,BLR
784,0.52,3818,1138,0.62,675,12861,8,no_issue,E190-008,2025-08-15T08:43:00Z,IN_FLIGHT,MAA
976,0.37,2769,4479,0.35,947,20169,21,overheat,A320-018,2025-08-15T08:43:30Z,ON_GROUND,DEL
779,0.94,2291,1194,0.64,846,35386,16,brake_failure,A350-013,2025-08-15T08:44:00Z,IN_FLIGHT,IXC
1093,0.06,2065,1603,0.84,673,16662,35,overheat,E190-009,2025-08-15T08:44:30Z,IN_FLIGHT,DEL
1121,0.6,3716,2493,0.47,597,23308,22,overheat,CRJ700-022,2025-08-15T08:45:00Z,ON_GROUND,COK
685,0.65,3995,172,0.86,858,20199,39,no_issue,A320-019,2025-08-15T08:45:30Z,IN_FLIGHT,MAA
694,0.73,3207,2535,0.72,893,14460,29,no_issue,A320-020,2025-08-15T08:46:00Z,IN_FLIGHT,CCU
1062,0.43,3593,3120,0.78,606,33697,-58,overheat,B737-028,2025-08-15T08:46:30Z,IN_FLIGHT,HYD
652,0.53,3493,1649,0.41,468,20404,-50,no_issue,CRJ700-023,2025-08-15T08:47:00Z,IN_FLIGHT,HYD
1029,0.19,3544,1709,0.42,586,15117,-31,overheat,CRJ700-024,2025-08-15T08:47:30Z,ON_GROUND,CCU
1020,0.25,2927,378,0.5,635,37192,-1,overheat,A350-014,2025-08-15T08:48:00Z,ON_GROUND,COK
819,0.57,2060,4864,0.21,525,30278,29,no_issue,B737-029,2025-08-15T08:48:30Z,ON_GROUND,DEL
1043,0.19,2744,1906,0.31,923,17884,-38,overheat,A320-021,2025-08-15T08:49:00Z,IN_FLIGHT,CCU
1072,0.47,2668,2666,0.4,772,27921,1,overheat,B737-030,2025-08-15T08:49:30Z,ON_GROUND,CCU
1193,0.52,2820,4517,0.23,687,23414,4,overheat,E190-010,2025-08-15T08:50:00Z,ON_GROUND,CCU
846,0.94,3226,1173,0.49,928,24244,-48,brake_failure,A320-022,2025-08-15T08:50:30Z,ON_GROUND,MAA
1139,0.06,3673,467,0.52,707,35311,11,overheat,A350-015,2025-08-15T08:51:00Z,IN_FLIGHT,MAA
611,0.23,3498,2076,0.52,696,26672,16,no_issue,B737-031,2025-08-15T08:51:30Z,ON_GROUND,BLR
1157,0.84,2749,562,0.74,906,17131,20,overheat,A320-023,2025-08-15T08:52:00Z,ON_GROUND,MAA
990,0.63,2652,4443,0.82,591,13999,16,overheat,CRJ700-025,2025-08-15T08:52:30Z,IN_FLIGHT,BOM
830,0.51,2450,4505,0.37,910,27399,-36,no_issue,B737-032,2025-08-15T08:53:00Z,IN_FLIGHT,GOI
1061,0.96,2191,3816,0.39,774,27136,-44,overheat,B737-033,2025-08-15T08:53:30Z,IN_FLIGHT,DEL
1047,0.45,3730,2596,0.75,825,10705,-19,overheat,A320-024,2025-08-15T08:54:00Z,ON_GROUND,MAA
1024,0.47,3718,2109,0.81,809,37493,-52,overheat,A350-016,2025-08-15T08:54:30Z,ON_GROUND,COK
949,0.57,3578,3641,0.88,802,32350,-6,no_issue,B737-034,2025-08-15T08:55:00Z,IN_FLIGHT,IXC
882,0.72,2225,2472,0.23,444,26332,-34,no_issue,B737-035,2025-08-15T08:55:30Z,IN_FLIGHT,COK
908,0.08,3523,701,0.75,549,22489,-21,no_issue,CRJ700-026,2025-08-15T08:56:00Z,ON_GROUND,COK
720,0.93,2345,4878,0.28,552,33409,3,brake_failure,B737-036,2025-08-15T08:56:30Z,IN_FLIGHT,MAA
1073,0.87,3512,1803,0.23,766,36701,23,overheat,A350-017,2025-08-15T08:57:00Z,ON_GROUND,HYD
1051,0.14,2480,1152,0.33,567,23241,-55,overheat,CRJ700-027,2025-08-15T08:57:30Z,ON_GROUND,DEL
792,0.72,2737,3249,0.65,679,39818,-48,no_issue,A350-018,2025-08-15T08:58:00Z,IN_FLIGHT,GOI
1023,0.39,2785,4632,0.85,428,38557,-12,overheat,A350-019,2025-08-15T08:58:30Z,IN_FLIGHT,PNQ
649,0.28,2338,4167,0.21,799,13350,-38,no_issue,A320-025,2025-08-15T08:59:00Z,IN_FLIGHT,BOM
1087,0.53,2596,2592,0.77,805,21225,-40,overheat,A320-026,2025-08-15T08:59:30Z,IN_FLIGHT,PNQ
1019,0.34,2704,3766,0.83,931,31448,-43,overheat,B737-037,2025-08-15T09:00:00Z,ON_GROUND,COK
979,0.73,3173,3452,0.85,464,10822,-41,overheat,CRJ700-028,2025-08-15T09:00:30Z,IN_FLIGHT,HYD
797,0.63,2923,4497,0.34,457,35384,-24,no_issue,A350-020,2025-08-15T09:01:00Z,IN_FLIGHT,MAA
990,0.61,3815,3372,0.84,651,22682,3,overheat,E190-011,2025-08-15T09:01:30Z,IN_FLIGHT,PNQ
694,0.7,2665,3766,0.34,452,31613,-38,no_issue,B737-038,2025-08-15T09:02:00Z,ON_GROUND,BOM
1072,0.39,3651,1092,0.32,800,35997,2,overheat,A350-021,2025-08-15T09:02:30Z,ON_GROUND,COK
1173,0.84,2925,1946,0.71,528,12859,-60,overheat,CRJ700-029,2025-08-15T09:03:00Z,IN_FLIGHT,CCU
1072,0.69,2544,1489,0.7,932,39302,-6,overheat,B787-003,2025-08-15T09:03:30Z,ON_GROUND,CCU
743,0.49,3451,758,0.71,773,24481,-50,no_issue,A320-027,2025-08-15T09:04:00Z,ON_GROUND,HYD
788,0.07,2365,44,0.58,933,22459,3,no_issue,A320-028,2025-08-15T09:04:30Z,IN_FLIGHT,COK
815,0.2,3207,2720,0.83,583,10581,-53,no_issue,CRJ700-030,2025-08-15T09:05:00Z,IN_FLIGHT,PNQ
1045,0.65,3069,1129,0.26,660,29817,2,overheat,B737-039,2025-08-15T09:05:30Z,IN_FLIGHT,BLR
920,0.14,2740,3614,0.24,515,23030,40,no_issue,CRJ700-031,2025-08-15T09:06:00Z,IN_FLIGHT,PNQ
648,0.33,2763,2222,0.74,886,27903,2,no_issue,B737-040,2025-08-15T09:06:30Z,ON_GROUND,CCU
793,0.36,3545,3349,0.36,528,39456,20,no_issue,A350-022,2025-08-15T09:07:00Z,IN_FLIGHT,BLR
791,0.76,3523,48,0.64,887,36464,12,no_issue,A350-023,2025-08-15T09:07:30Z,IN_FLIGHT,DEL
786,0.99,2806,2884,0.88,535,30985,-13,brake_failure,B737-041,2025-08-15T09:08:00Z,IN_FLIGHT,HYD
1149,0.84,3292,191,0.41,712,39660,8,overheat,A350-024,2025-08-15T09:08:30Z,ON_GROUND,BOM
805,0.35,2459,2252,0.48,713,24773,-31,no_issue,A320-029,2025-08-15T09:09:00Z,IN_FLIGHT,IXC
1131,0.67,2371,1146,0.32,815,32014,25,overheat,B737-042,2025-08-15T09:09:30Z,ON_GROUND,HYD
1087,0.99,3593,3752,0.86,618,18993,-54,overheat,E190-012,2025-08-15T09:10:00Z,ON_GROUND,CCU
1038,0.97,3069,15,0.68,874,33325,-29,overheat,B737-043,2025-08-15T09:10:30Z,IN_FLIGHT,MAA
1158,0.09,3190,3888,0.29,908,16669,23,overheat,A320-030,2025-08-15T09:11:00Z,IN_FLIGHT,COK
1186,0.37,3606,4945,0.29,700,16591,-52,overheat,E190-013,2025-08-15T09:11:30Z,ON_GROUND,IXC
1053,0.41,2571,954,0.66,643,20990,-55,overheat,E190-014,2025-08-15T09:12:00Z,IN_FLIGHT,HYD
1130,0.22,2691,4006,0.66,540,27313,-5,overheat,B737-044,2025-08-15T09:12:30Z,ON_GROUND,GOI
1065,0.67,2122,832,0.49,538,11233,-23,overheat,CRJ700-032,2025-08-15T09:13:00Z,IN_FLIGHT,MAA
840,0.46,2320,3216,0.35,444,21817,31,no_issue,CRJ700-033,2025-08-15T09:13:30Z,IN_FLIGHT,BOM
804,0.26,2106,4337,0.78,572,19874,-55,no_issue,CRJ700-034,2025-08-15T09:14:00Z,ON_GROUND,HYD
639,0.39,3884,2593,0.23,920,24947,-27,no_issue,A320-031,2025-08-15T09:14:30Z,ON_GROUND,COK
729,0.6,2733,1383,0.58,725,31645,-46,no_issue,B737-045,2025-08-15T09:15:00Z,IN_FLIGHT,DEL
1079,0.76,3687,83,0.34,527,39677,-22,overheat,A350-025,2025-08-15T09:15:30Z,IN_FLIGHT,PNQ
1005,0.44,3293,1510,0.64,610,19123,26,overheat,E190-015,2025-08-15T09:16:00Z,IN_FLIGHT,HYD
978,0.05,3296,2450,0.79,625,20389,17,overheat,E190-016,2025-08-15T09:16:30Z,IN_FLIGHT,COK
697,0.33,2331,1714,0.73,620,21154,-5,no_issue,E190-017,2025-08-15T09:17:00Z,ON_GROUND,BOM
1122,0.16,3267,2305,0.77,519,22944,-55,overheat,CRJ700-035,2025-08-15T09:17:30Z,ON_GROUND,MAA
825,0.75,2852,2428,0.49,740,22259,-43,no_issue,A320-032,2025-08-15T09:18:00Z,IN_FLIGHT,CCU
1155,0.89,3907,4342,0.54,871,15850,0,overheat,A320-033,2025-08-15T09:18:30Z,ON_GROUND,IXC
1129,0.66,2851,2808,0.5,628,21620,-40,overheat,E190-018,2025-08-15T09:19:00Z,ON_GROUND,MAA
790,0.31,2457,2630,0.33,518,38067,25,no_issue,A350-026,2025-08-15T09:19:30Z,IN_FLIGHT,CCU
950,0.02,2049,4303,0.74,571,35196,28,no_issue,A350-027,2025-08-15T09:20:00Z,IN_FLIGHT,CCU
1084,0.23,2879,701,0.81,745,29906,28,overheat,B737-046,2025-08-15T09:20:30Z,IN_FLIGHT,PNQ
1143,0.4,3306,3117,0.26,917,25597,11,overheat,B737-047,2025-08-15T09:21:00Z,IN_FLIGHT,BOM
649,0.3,2941,3494,0.27,454,37338,34,no_issue,A350-028,2025-08-15T09:21:30Z,IN_FLIGHT,GOI
998,0.73,3580,4963,0.3,588,36380,25,overheat,A350-029,2025-08-15T09:22:00Z,ON_GROUND,HYD
639,0.94,3507,4047,0.85,751,26655,-38,brake_failure,B737-048,2025-08-15T09:22:30Z,ON_GROUND,BOM
914,0.82,2425,4451,0.6,484,10369,-11,no_issue,CRJ700-036,2025-08-15T09:23:00Z,IN_FLIGHT,DEL
902,0.68,3169,155,0.78,842,17247,0,no_issue,A320-034,2025-08-15T09:23:30Z,ON_GROUND,BOM
731,0.85,3488,2410,0.63,729,16770,-21,no_issue,A320-035,2025-08-15T09:24:00Z,ON_GROUND,COK
1047,0.4,3223,772,0.69,717,34948,30,overheat,B737-049,2025-08-15T09:24:30Z,IN_FLIGHT,GOI
815,0.84,2985,3484,0.23,553,21466,7,no_issue,CRJ700-037,2025-08-15T09:25:00Z,IN_FLIGHT,HYD
847,0.87,2696,4366,0.84,558,22039,35,brake_failure,CRJ700-038,2025-08-15T09:25:30Z,ON_GROUND,GOI
794,0.97,3972,3776,0.67,793,13428,22,brake_failure,A320-036,2025-08-15T09:26:00Z,IN_FLIGHT,IXC
930,0.71,3925,4463,0.27,483,30054,14,no_issue,B737-050,2025-08-15T09:26:30Z,IN_FLIGHT,GOI
801,0.39,3412,3188,0.22,783,26690,-38,no_issue,B737-051,2025-08-15T09:27:00Z,ON_GROUND,BOM
665,0.95,2456,1456,0.26,742,17324,32,brake_failure,A320-037,2025-08-15T09:27:30Z,IN_FLIGHT,IXC
693,0.12,2753,446,0.21,690,22660,-56,no_issue,E190-019,2025-08-15T09:28:00Z,ON_GROUND,COK
829,0.65,2095,3112,0.3,460,26761,-39,no_issue,B737-052,2025-08-15T09:28:30Z,IN_FLIGHT,HYD
928,0.22,3954,4877,0.51,545,25178,-40,no_issue,B737-053,2025-08-15T09:29:00Z,IN_FLIGHT,COK
822,0.87,2774,440,0.8,924,31472,32,brake_failure,B737-054,2025-08-15T09:29:30Z,IN_FLIGHT,PNQ
626,0.59,3046,179,0.84,939,30087,-50,no_issue,B737-055,2025-08-15T09:30:00Z,IN_FLIGHT,IXC
628,0.27,2331,1568,0.47,732,10275,0,no_issue,A320-038,2025-08-15T09:30:30Z,IN_FLIGHT,GOI
1136,0.89,3471,2089,0.51,741,26181,13,overheat,B737-056,2025-08-15T09:31:00Z,ON_GROUND,IXC
911,0.5,3849,3843,0.55,813,36912,32,no_issue,A350-030,2025-08-15T09:31:30Z,ON_GROUND,CCU
952,0.7,3426,2767,0.71,459,39710,21,overheat,A350-031,2025-08-15T09:32:00Z,ON_GROUND,BLR
959,0.14,2957,4302,0.65,400,17072,33,overheat,CRJ700-039,2025-08-15T09:32:30Z,IN_FLIGHT,COK
901,0.65,2391,3775,0.8,843,30225,-3,no_issue,B737-057,2025-08-15T09:33:00Z,ON_GROUND,GOI
933,0.83,2288,1158,0.26,481,23415,-19,no_issue,CRJ700-040,2025-08-15T09:33:30Z,IN_FLIGHT,HYD
1174,0.79,3437,4905,0.54,422,19425,-7,overheat,CRJ700-041,2025-08-15T09:34:00Z,ON_GROUND,HYD
654,0.14,3673,597,0.45,860,24510,11,no_issue,A320-039,2025-08-15T09:34:30Z,IN_FLIGHT,PNQ
691,0.39,3119,169,0.88,478,36873,-16,no_issue,A350-032,2025-08-15T09:35:00Z,ON_GROUND,IXC
804,0.89,3398,4297,0.29,790,10585,18,brake_failure,A320-040,2025-08-15T09:35:30Z,ON_GROUND,COK
786,0.9,2483,2618,0.56,432,31952,9,brake_failure,B737-058,2025-08-15T09:36:00Z,IN_FLIGHT,IXC
1063,0.79,2382,4595,0.43,891,21907,3,overheat,A320-041,2025-08-15T09:36:30Z,IN_FLIGHT,DEL
1115,0.41,2661,1340,0.38,827,15035,13,overheat,A320-042,2025-08-15T09:37:00Z,IN_FLIGHT,COK
982,0.4,3732,4324,0.79,561,30579,-39,overheat,B737-059,2025-08-15T09:37:30Z,IN_FLIGHT,BOM
787,0.53,2089,2523,0.8,441,20952,-28,no_issue,CRJ700-042,2025-08-15T09:38:00Z,ON_GROUND,MAA
1063,0.46,2720,4540,0.25,836,36748,4,overheat,A350-033,2025-08-15T09:38:30Z,ON_GROUND,IXC
1107,0.94,2038,4346,0.8,856,35777,-37,overheat,A350-034,2025-08-15T09:39:00Z,IN_FLIGHT,MAA
662,0.9,3375,1125,0.42,797,17010,-45,brake_failure,A320-043,2025-08-15T09:39:30Z,IN_FLIGHT,COK
1180,0.04,3392,1874,0.22,409,14624,35,overheat,CRJ700-043,2025-08-15T09:40:00Z,IN_FLIGHT,MAA
620,0.42,3113,1796,0.46,919,24829,-57,no_issue,A320-044,2025-08-15T09:40:30Z,ON_GROUND,CCU
817,0.92,2860,1249,0.76,588,19624,-42,brake_failure,CRJ700-044,2025-08-15T09:41:00Z,ON_GROUND,IXC
821,0.85,2008,3867,0.65,897,21347,24,no_issue,A320-045,2025-08-15T09:41:30Z,ON_GROUND,DEL
756,0.92,3409,342,0.39,892,28886,-30,brake_failure,B737-060,2025-08-15T09:42:00Z,IN_FLIGHT,PNQ
994,0.56,2339,4698,0.43,694,35803,-5,overheat,A350-035,2025-08-15T09:42:30Z,ON_GROUND,COK
750,0.38,3511,2769,0.89,894,29990,-12,no_issue,B737-061,2025-08-15T09:43:00Z,IN_FLIGHT,BOM
633,0.98,3698,1620,0.78,865,20338,-34,brake_failure,A320-046,2025-08-15T09:43:30Z,IN_FLIGHT,HYD
651,0.89,3337,950,0.56,598,34932,-22,brake_failure,B737-062,2025-08-15T09:44:00Z,IN_FLIGHT,PNQ
769,0.58,2270,3676,0.23,932,24575,-49,no_issue,A320-047,2025-08-15T09:44:30Z,IN_FLIGHT,HYD
774,0.39,2332,2963,0.32,885,35669,-24,no_issue,A350-036,2025-08-15T09:45:00Z,IN_FLIGHT,BOM
604,0.45,2863,4320,0.53,400,35766,40,no_issue,A350-037,2025-08-15T09:45:30Z,IN_FLIGHT,MAA
854,0.61,3431,4706,0.34,717,31348,-6,no_issue,B737-063,2025-08-15T09:46:00Z,ON_GROUND,BOM
1078,0.19,2386,4138,0.69,578,36473,-60,overheat,A350-038,2025-08-15T09:46:30Z,IN_FLIGHT,CCU
1047,0.75,2494,1363,0.5,727,10250,-2,overheat,A320-048,2025-08-15T09:47:00Z,ON_GROUND,PNQ
1200,0.49,2733,1317,0.32,732,19418,13,overheat,A320-049,2025-08-15T09:47:30Z,IN_FLIGHT,DEL
889,0.59,3149,4299,0.41,536,11336,17,no_issue,CRJ700-045,2025-08-15T09:48:00Z,ON_GROUND,PNQ
962,0.3,3526,3666,0.3,781,21253,4,overheat,A320-050,2025-08-15T09:48:30Z,ON_GROUND,BLR
767,0.23,2185,899,0.57,634,21651,17,no_issue,E190-020,2025-08-15T09:49:00Z,ON_GROUND,MAA
1172,0.21,3323,2376,0.46,488,14926,-58,overheat,CRJ700-046,2025-08-15T09:49:30Z,ON_GROUND,CCU
1023,0.16,3822,3600,0.3,650,32705,28,overheat,B737-064,2025-08-15T09:50:00Z,ON_GROUND,IXC
706,0.89,3520,2290,0.59,766,21323,29,brake_failure,A320-051,2025-08-15T09:50:30Z,ON_GROUND,CCU
727,0.18,2435,3592,0.39,591,35175,16,no_issue,A350-039,2025-08-15T09:51:00Z,IN_FLIGHT,MAA
838,0.31,2908,2446,0.58,516,12003,-6,no_issue,CRJ700-047,2025-08-15T09:51:30Z,ON_GROUND,PNQ
715,0.41,3702,2489,0.43,849,17361,-30,no_issue,A320-052,2025-08-15T09:52:00Z,IN_FLIGHT,COK
741,0.81,3764,3435,0.71,400,15113,7,no_issue,CRJ700-048,2025-08-15T09:52:30Z,ON_GROUND,PNQ
1199,0.37,2076,2994,0.86,908,23336,-12,overheat,A320-053,2025-08-15T09:53:00Z,ON_GROUND,BOM
897,0.63,2690,2293,0.86,625,26345,-38,no_issue,B737-065,2025-08-15T09:53:30Z,IN_FLIGHT,COK
700,0.1,2951,2871,0.9,627,32899,22,no_issue,B737-066,2025-08-15T09:54:00Z,IN_FLIGHT,PNQ
848,0.06,2485,2446,0.65,580,38762,34,no_issue,A350-040,2025-08-15T09:54:30Z,ON_GROUND,GOI
1187,0.3,2441,65,0.89,409,32288,-23,overheat,B737-067,2025-08-15T09:55:00Z,IN_FLIGHT,HYD
925,0.98,3779,633,0.55,649,32027,-6,brake_failure,B737-068,2025-08-15T09:55:30Z,IN_FLIGHT,GOI
842,0.65,3796,3753,0.89,744,34898,-57,no_issue,B737-069,2025-08-15T09:56:00Z,IN_FLIGHT,IXC
768,0.54,2750,2968,0.22,833,38552,9,no_issue,A350-041,2025-08-15T09:56:30Z,IN_FLIGHT,DEL
618,0.83,2042,3372,0.33,623,29141,29,no_issue,B737-070,2025-08-15T09:57:00Z,ON_GROUND,MAA
621,0.57,3697,3514,0.34,570,25097,-21,no_issue,B737-071,2025-08-15T09:57:30Z,IN_FLIGHT,PNQ
615,0.57,2335,4863,0.22,867,22330,-28,no_issue,A320-054,2025-08-15T09:58:00Z,IN_FLIGHT,DEL
1196,0.74,3537,2189,0.38,649,21041,28,overheat,E190-021,2025-08-15T09:58:30Z,ON_GROUND,CCU
1170,0.91,2364,2372,0.43,492,18089,-25,overheat,CRJ700-049,2025-08-15T09:59:00Z,IN_FLIGHT,PNQ
1151,0.33,3868,4546,0.23,713,12371,0,overheat,A320-055,2025-08-15T09:59:30Z,IN_FLIGHT,CCU
851,0.16,3880,3551,0.25,547,34828,-38,no_issue,B737-072,2025-08-15T10:00:00Z,IN_FLIGHT,MAA
1139,0.95,3481,1336,0.55,579,18768,-51,overheat,CRJ700-050,2025-08-15T10:00:30Z,IN_FLIGHT,BLR
965,0.35,2522,3711,0.52,805,10460,-46,overheat,A320-056,2025-08-15T10:01:00Z,ON_GROUND,GOI
1016,0.36,3379,2430,0.54,443,26232,-26,overheat,B737-073,2025-08-15T10:01:30Z,ON_GROUND,GOI
949,0.09,3201,4786,0.62,854,39038,-14,no_issue,A350-042,2025-08-15T10:02:00Z,IN_FLIGHT,BLR
612,0.73,3426,3161,0.72,429,38181,23,no_issue,A350-043,2025-08-15T10:02:30Z,IN_FLIGHT,GOI
885,0.66,3282,711,0.34,807,25282,17,no_issue,B737-074,2025-08-15T10:03:00Z,IN_FLIGHT,MAA
712,0.17,3130,2425,0.41,696,24583,-60,no_issue,E190-022,2025-08-15T10:03:30Z,ON_GROUND,CCU
1114,0.01,2661,4180,0.54,613,16439,-30,overheat,E190-023,2025-08-15T10:04:00Z,ON_GROUND,COK
642,0.92,2272,4643,0.67,584,27785,-25,brake_failure,B737-075,2025-08-15T10:04:30Z,ON_GROUND,DEL
1150,0.3,3028,2179,0.7,892,30796,17,overheat,B737-076,2025-08-15T10:05:00Z,ON_GROUND,COK
1019,0.2,2762,1367,0.44,436,18644,12,overheat,CRJ700-051,2025-08-15T10:05:30Z,ON_GROUND,PNQ
791,0.17,3756,1832,0.34,890,33066,6,no_issue,B737-077,2025-08-15T10:06:00Z,IN_FLIGHT,BLR
957,0.14,3791,2234,0.37,868,15670,-21,overheat,A320-057,2025-08-15T10:06:30Z,IN_FLIGHT,BLR
1156,0.53,3461,3050,0.6,924,12848,-24,overheat,A320-058,2025-08-15T10:07:00Z,IN_FLIGHT,BLR
1072,0.04,2259,2757,0.55,756,25232,-17,overheat,B737-078,2025-08-15T10:07:30Z,ON_GROUND,CCU
655,0.81,2097,3614,0.54,428,14268,2,no_issue,CRJ700-052,2025-08-15T10:08:00Z,ON_GROUND,DEL
715,0.63,2442,1377,0.57,699,15863,26,no_issue,E190-024,2025-08-15T10:08:30Z,IN_FLIGHT,CCU
734,0.78,3170,2211,0.46,927,35393,-2,no_issue,B787-004,2025-08-15T10:09:00Z,IN_FLIGHT,IXC
694,0.14,2732,870,0.4,442,32407,-21,no_issue,B737-079,2025-08-15T10:09:30Z,ON_GROUND,CCU
761,0.42,3767,4301,0.3,497,35887,-33,no_issue,A350-044,2025-08-15T10:10:00Z,IN_FLIGHT,IXC
848,0.32,3466,2931,0.33,747,32782,-36,no_issue,B737-080,2025-08-15T10:10:30Z,IN_FLIGHT,BOM
748,0.78,3230,2203,0.22,417,17326,39,no_issue,CRJ700-053,2025-08-15T10:11:00Z,ON_GROUND,BLR
1109,0.61,2361,3571,0.56,674,20615,26,overheat,E190-025,2025-08-15T10:11:30Z,ON_GROUND,GOI
785,0.16,3964,2952,0.68,581,35362,-34,no_issue,A350-045,2025-08-15T10:12:00Z,IN_FLIGHT,HYD
766,0.3,2716,2069,0.53,671,19701,35,no_issue,E190-026,2025-08-15T10:12:30Z,IN_FLIGHT,BOM
701,0.27,2104,2289,0.28,932,32112,40,no_issue,B737-081,2025-08-15T10:13:00Z,IN_FLIGHT,DEL
1113,0.88,2354,3598,0.51,849,22659,-52,overheat,A320-059,2025-08-15T10:13:30Z,ON_GROUND,GOI
854,0.96,2541,1057,0.59,857,30403,24,brake_failure,B737-082,2025-08-15T10:14:00Z,ON_GROUND,CCU
810,0.85,3753,327,0.32,556,19446,-19,no_issue,CRJ700-054,2025-08-15T10:14:30Z,IN_FLIGHT,GOI
984,0.97,3698,1168,0.69,616,31918,36,overheat,B737-083,2025-08-15T10:15:00Z,IN_FLIGHT,MAA
898,0.79,3825,3117,0.44,631,35838,5,no_issue,A350-046,2025-08-15T10:15:30Z,ON_GROUND,IXC
1119,0.58,3792,686,0.24,584,19039,-49,overheat,CRJ700-055,2025-08-15T10:16:00Z,ON_GROUND,CCU
756,0.4,2530,4769,0.39,884,14925,11,no_issue,A320-060,2025-08-15T10:16:30Z,IN_FLIGHT,COK
653,0.76,3714,3184,0.79,578,21121,-5,no_issue,CRJ700-056,2025-08-15T10:17:00Z,ON_GROUND,MAA
790,0.09,3117,1827,0.24,630,37633,-54,no_issue,A350-047,2025-08-15T10:17:30Z,IN_FLIGHT,CCU
1078,0.87,2542,262,0.44,729,12869,1,overheat,A320-061,2025-08-15T10:18:00Z,IN_FLIGHT,MAA
904,0.15,3047,3121,0.82,450,29070,-31,no_issue,B737-084,2025-08-15T10:18:30Z,ON_GROUND,HYD
825,0.69,3891,3323,0.35,721,19958,-14,no_issue,A320-062,2025-08-15T10:19:00Z,IN_FLIGHT,PNQ
709,0.88,3297,3265,0.66,634,23762,-53,brake_failure,E190-027,2025-08-15T10:19:30Z,IN_FLIGHT,HYD
975,0.72,3917,4320,0.22,845,39233,3,overheat,A350-048,2025-08-15T10:20:00Z,ON_GROUND,DEL
939,0.11,3070,3704,0.61,645,10082,38,no_issue,E190-028,2025-08-15T10:20:30Z,IN_FLIGHT,BLR
664,0.57,2527,477,0.54,475,39709,-20,no_issue,A350-049,2025-08-15T10:21:00Z,ON_GROUND,IXC
782,0.49,3651,4616,0.52,761,15840,-21,no_issue,A320-063,2025-08-15T10:21:30Z,ON_GROUND,DEL
894,0.85,3334,4351,0.62,429,17794,13,no_issue,CRJ700-057,2025-08-15T10:22:00Z,IN_FLIGHT,GOI
971,0.82,3235,2835,0.51,433,24394,-37,overheat,CRJ700-058,2025-08-15T10:22:30Z,ON_GROUND,IXC
731,0.11,3347,1256,0.71,533,27348,-47,no_issue,B737-085,2025-08-15T10:23:00Z,IN_FLIGHT,MAA
1022,0.95,3125,2528,0.59,646,24290,14,overheat,E190-029,2025-08-15T10:23:30Z,IN_FLIGHT,DEL
772,0.01,3826,1375,0.79,424,23062,34,no_issue,CRJ700-059,2025-08-15T10:24:00Z,ON_GROUND,CCU
954,0.36,3228,302,0.53,596,32485,35,overheat,B737-086,2025-08-15T10:24:30Z,IN_FLIGHT,DEL
1038,0.03,2131,428,0.8,625,27943,34,overheat,B737-087,2025-08-15T10:25:00Z,IN_FLIGHT,DEL
1115,0.85,2178,4301,0.23,941,14363,-55,overheat,A320-064,2025-08-15T10:25:30Z,ON_GROUND,CCU
1165,0.48,2741,2470,0.29,414,29600,-17,overheat,B737-088,2025-08-15T10:26:00Z,IN_FLIGHT,COK
602,0.27,2498,4756,0.43,467,26275,23,no_issue,B737-089,2025-08-15T10:26:30Z,IN_FLIGHT,COK
768,0.52,3784,4095,0.81,596,25087,18,no_issue,B737-090,2025-08-15T10:27:00Z,IN_FLIGHT,MAA
897,0.22,2436,4949,0.82,799,37296,-15,no_issue,A350-050,2025-08-15T10:27:30Z,IN_FLIGHT,MAA
770,0.54,3048,1578,0.39,785,16980,-50,no_issue,A320-065,2025-08-15T10:28:00Z,IN_FLIGHT,CCU
782,0.3,3860,2126,0.82,799,30377,-2,no_issue,B737-091,2025-08-15T10:28:30Z,ON_GROUND,HYD
629,0.92,2858,1999,0.82,805,15809,-57,brake_failure,A320-066,2025-08-15T10:29:00Z,ON_GROUND,HYD
1085,0.71,3914,4325,0.56,838,10379,-26,overheat,A320-067,2025-08-15T10:29:30Z,ON_GROUND,COK
766,0.19,2457,4909,0.49,454,23152,0,no_issue,CRJ700-060,2025-08-15T10:30:00Z,IN_FLIGHT,MAA
1044,0.69,3561,3348,0.42,802,19714,-47,overheat,A320-068,2025-08-15T10:30:30Z,IN_FLIGHT,CCU
930,0.92,3284,3899,0.47,861,20636,-38,brake_failure,A320-069,2025-08-15T10:31:00Z,IN_FLIGHT,GOI
1021,0.43,2587,4696,0.79,649,31271,-5,overheat,B737-092,2025-08-15T10:31:30Z,IN_FLIGHT,CCU
1126,0.45,2309,510,0.46,703,29037,12,overheat,B737-093,2025-08-15T10:32:00Z,ON_GROUND,PNQ
1119,0.07,2957,2325,0.4,529,32000,9,overheat,B737-094,2025-08-15T10:32:30Z,IN_FLIGHT,IXC
844,0.34,3417,1481,0.56,949,14764,14,no_issue,A320-070,2025-08-15T10:33:00Z,ON_GROUND,BLR
847,0.95,2792,4345,0.62,702,10748,15,brake_failure,A320-071,2025-08-15T10:33:30Z,ON_GROUND,BOM
1011,0.19,3793,2394,0.84,552,25457,8,overheat,B737-095,2025-08-15T10:34:00Z,IN_FLIGHT,DEL
753,0.1,2669,3963,0.85,460,10610,-8,no_issue,CRJ700-061,2025-08-15T10:34:30Z,ON_GROUND,GOI
837,0.14,3738,2831,0.67,619,37934,-4,no_issue,A350-051,2025-08-15T10:35:00Z,IN_FLIGHT,MAA
629,0.94,3487,3584,0.24,919,14478,-30,brake_failure,A320-072,2025-08-15T10:35:30Z,IN_FLIGHT,CCU
633,0.05,3280,1985,0.55,945,32569,-38,no_issue,B737-096,2025-08-15T10:36:00Z,ON_GROUND,COK
1045,0.24,2700,3891,0.64,518,16729,5,overheat,CRJ700-062,2025-08-15T10:36:30Z,IN_FLIGHT,CCU
941,0.86,3003,633,0.46,443,34525,-49,brake_failure,B737-097,2025-08-15T10:37:00Z,IN_FLIGHT,PNQ
1155,0.71,3587,3434,0.9,405,36004,-26,overheat,A350-052,2025-08-15T10:37:30Z,IN_FLIGHT,HYD
1004,0.77,3261,606,0.45,703,29288,-20,overheat,B737-098,2025-08-15T10:38:00Z,ON_GROUND,GOI
761,0.89,3442,1593,0.69,770,32903,-42,brake_failure,B737-099,2025-08-15T10:38:30Z,IN_FLIGHT,BLR
688,0.25,2319,2347,0.88,618,36303,-22,no_issue,A350-053,2025-08-15T10:39:00Z,ON_GROUND,GOI
651,0.54,3723,3315,0.69,695,32213,12,no_issue,B737-100,2025-08-15T10:39:30Z,IN_FLIGHT,IXC
644,0.29,2288,1502,0.26,626,19286,-52,no_issue,E190-030,2025-08-15T10:40:00Z,IN_FLIGHT,CCU
772,0.62,2617,2921,0.86,806,28366,25,no_issue,B737-101,2025-08-15T10:40:30Z,ON_GROUND,BLR
625,0.08,3073,2439,0.64,739,34788,15,no_issue,B737-102,2025-08-15T10:41:00Z,ON_GROUND,PNQ
1090,0.2,2108,1645,0.83,441,12254,24,overheat,CRJ700-063,2025-08-15T10:41:30Z,IN_FLIGHT,PNQ
869,0.7,2044,3618,0.54,518,30569,-23,no_issue,B737-103,2025-08-15T10:42:00Z,IN_FLIGHT,MAA
1002,0.18,2355,3192,0.35,910,20211,-35,overheat,A320-073,2025-08-15T10:42:30Z,ON_GROUND,MAA
881,0.2,2807,177,0.83,795,12354,15,no_issue,A320-074,2025-08-15T10:43:00Z,ON_GROUND,BOM
677,0.58,3324,2043,0.46,808,19366,-21,no_issue,A320-075,2025-08-15T10:43:30Z,IN_FLIGHT,PNQ
1185,0.73,3959,1879,0.43,942,11298,-38,overheat,A320-076,2025-08-15T10:44:00Z,ON_GROUND,BOM
1024,0.16,2276,4036,0.7,858,37861,16,overheat,A350-054,2025-08-15T10:44:30Z,ON_GROUND,MAA
813,0.49,3082,1758,0.32,757,33397,-18,no_issue,B737-104,2025-08-15T10:45:00Z,ON_GROUND,HYD
728,0.69,2385,3239,0.65,744,18596,18,no_issue,A320-077,2025-08-15T10:45:30Z,IN_FLIGHT,MAA
1176,0.93,2382,3313,0.29,780,14500,-26,overheat,A320-078,2025-08-15T10:46:00Z,ON_GROUND,DEL
1110,0.94,3037,1546,0.9,810,23094,-4,overheat,A320-079,2025-08-15T10:46:30Z,IN_FLIGHT,CCU
851,0.81,2267,4411,0.72,809,15415,-14,no_issue,A320-080,2025-08-15T10:47:00Z,ON_GROUND,PNQ
667,0.41,3102,892,0.47,493,14148,-33,no_issue,CRJ700-064,2025-08-15T10:47:30Z,ON_GROUND,MAA
1142,0.7,2955,3326,0.5,593,32816,-26,overheat,B737-105,2025-08-15T10:48:00Z,IN_FLIGHT,HYD
987,0.99,3382,3273,0.88,428,21354,18,overheat,CRJ700-065,2025-08-15T10:48:30Z,ON_GROUND,BLR
1159,0.73,2709,3996,0.83,769,24527,12,overheat,A320-081,2025-08-15T10:49:00Z,ON_GROUND,CCU
957,0.12,3660,569,0.25,403,12212,10,overheat,CRJ700-066,2025-08-15T10:49:30Z,IN_FLIGHT,COK
647,0.22,2624,2444,0.43,825,24189,-4,no_issue,A320-082,2025-08-15T10:50:00Z,IN_FLIGHT,BLR
804,0.02,2513,1253,0.37,919,15144,-55,no_issue,A320-083,2025-08-15T10:50:30Z,IN_FLIGHT,BOM
793,0.27,3817,3014,0.55,636,14541,-21,no_issue,E190-031,2025-08-15T10:51:00Z,IN_FLIGHT,HYD
823,0.94,3751,155,0.62,525,39586,-42,brake_failure,A350-055,2025-08-15T10:51:30Z,IN_FLIGHT,COK
1078,0.76,2458,856,0.39,413,17815,36,overheat,CRJ700-067,2025-08-15T10:52:00Z,IN_FLIGHT,GOI
953,0.84,3466,2509,0.58,804,36260,2,overheat,A350-056,2025-08-15T10:52:30Z,ON_GROUND,CCU
603,0.53,2003,2008,0.5,518,29833,-54,no_issue,B737-106,2025-08-15T10:53:00Z,ON_GROUND,MAA
1161,0.01,3039,4915,0.21,610,27366,31,overheat,B737-107,2025-08-15T10:53:30Z,IN_FLIGHT,BOM
871,0.4,2662,1175,0.69,532,34514,-20,no_issue,B737-108,2025-08-15T10:54:00Z,IN_FLIGHT,HYD
894,0.5,3073,1197,0.27,684,11740,-18,no_issue,E190-032,2025-08-15T10:54:30Z,IN_FLIGHT,CCU
1144,0.56,2829,4795,0.45,641,26225,-2,overheat,B737-109,2025-08-15T10:55:00Z,IN_FLIGHT,IXC
971,0.72,3722,1376,0.22,683,34196,12,overheat,B737-110,2025-08-15T10:55:30Z,ON_GROUND,HYD
703,0.75,2166,749,0.76,813,33774,-27,no_issue,B737-111,2025-08-15T10:56:00Z,IN_FLIGHT,BOM
761,0.44,3896,1510,0.32,537,24964,-16,no_issue,CRJ700-068,2025-08-15T10:56:30Z,IN_FLIGHT,DEL
984,0.89,3810,1485,0.34,766,31412,-58,overheat,B737-112,2025-08-15T10:57:00Z,IN_FLIGHT,IXC
900,0.41,2028,4546,0.2,470,22222,27,no_issue,CRJ700-069,2025-08-15T10:57:30Z,IN_FLIGHT,HYD
653,0.05,3014,1040,0.68,856,13118,30,no_issue,A320-084,2025-08-15T10:58:00Z,ON_GROUND,HYD
1115,0.52,2160,1080,0.31,633,11400,37,overheat,E190-033,2025-08-15T10:58:30Z,IN_FLIGHT,COK
928,0.83,3309,2121,0.42,447,26240,15,no_issue,B737-113,2025-08-15T10:59:00Z,ON_GROUND,COK
760,0.47,2285,1046,0.37,645,37544,13,no_issue,A350-057,2025-08-15T10:59:30Z,ON_GROUND,MAA
1195,0.46,2974,1619,0.55,417,21102,1,overheat,CRJ700-070,2025-08-15T11:00:00Z,IN_FLIGHT,HYD
786,0.28,3605,2301,0.27,616,22609,-27,no_issue,E190-034,2025-08-15T11:00:30Z,IN_FLIGHT,GOI
630,0.45,2198,4777,0.52,412,14917,32,no_issue,CRJ700-071,2025-08-15T11:01:00Z,ON_GROUND,GOI
763,0.42,2915,211,0.51,499,21205,-49,no_issue,CRJ700-072,2025-08-15T11:01:30Z,IN_FLIGHT,COK
900,0.57,2296,3523,0.62,406,33544,20,no_issue,B737-114,2025-08-15T11:02:00Z,ON_GROUND,HYD
1044,0.73,2409,1274,0.89,715,22894,-58,overheat,A320-085,2025-08-15T11:02:30Z,ON_GROUND,MAA
1151,0.2,3442,176,0.42,944,26777,22,overheat,B737-115,2025-08-15T11:03:00Z,ON_GROUND,BOM
864,0.13,3748,3524,0.85,583,21767,-21,no_issue,CRJ700-073,2025-08-15T11:03:30Z,IN_FLIGHT,DEL
1193,0.42,3396,999,0.85,677,25966,23,overheat,B737-116,2025-08-15T11:04:00Z,IN_FLIGHT,MAA
923,0,2685,321,0.42,712,11427,-37,no_issue,A320-086,2025-08-15T11:04:30Z,ON_GROUND,MAA
642,0.41,2651,1170,0.36,862,38628,1,no_issue,A350-058,2025-08-15T11:05:00Z,ON_GROUND,COK
1060,0.25,3043,2725,0.66,462,13607,32,overheat,CRJ700-074,2025-08-15T11:05:30Z,ON_GROUND,CCU
853,0.19,3725,1102,0.32,427,24999,21,no_issue,CRJ700-075,2025-08-15T11:06:00Z,ON_GROUND,PNQ
855,0.02,2259,4169,0.24,578,29013,-7,no_issue,B737-117,2025-08-15T11:06:30Z,ON_GROUND,IXC
866,0.28,2253,2927,0.49,508,11502,-20,no_issue,CRJ700-076,2025-08-15T11:07:00Z,IN_FLIGHT,MAA
829,0.72,3997,4305,0.84,717,32409,21,no_issue,B737-118,2025-08-15T11:07:30Z,IN_FLIGHT,COK
635,0.67,2232,260,0.87,745,24154,-2,no_issue,A320-087,2025-08-15T11:08:00Z,IN_FLIGHT,DEL
933,0.26,2915,1898,0.7,931,26113,-36,no_issue,B737-119,2025-08-15T11:08:30Z,ON_GROUND,BOM
735,0.08,2155,4558,0.8,433,14102,-2,no_issue,CRJ700-077,2025-08-15T11:09:00Z,ON_GROUND,GOI
745,0.51,2276,838,0.89,576,20241,-37,no_issue,CRJ700-078,2025-08-15T11:09:30Z,IN_FLIGHT,IXC
848,0.22,2254,1271,0.36,467,24154,35,no_issue,CRJ700-079,2025-08-15T11:10:00Z,ON_GROUND,BOM
890,0.49,3027,4900,0.81,842,26187,31,no_issue,B737-120,2025-08-15T11:10:30Z,ON_GROUND,DEL
813,0.71,3906,2469,0.51,647,23078,4,no_issue,E190-035,2025-08-15T11:11:00Z,IN_FLIGHT,COK
838,0.28,2073,2677,0.9,435,14802,36,no_issue,CRJ700-080,2025-08-15T11:11:30Z,ON_GROUND,CCU
850,0.85,2718,354,0.43,918,21401,-57,no_issue,A320-088,2025-08-15T11:12:00Z,IN_FLIGHT,BLR
685,0.11,3289,4020,0.3,759,39168,-37,no_issue,A350-059,2025-08-15T11:12:30Z,IN_FLIGHT,IXC
1043,0.45,2907,1386,0.48,889,35723,34,overheat,A350-060,2025-08-15T11:13:00Z,ON_GROUND,DEL
964,0.63,3467,2151,0.3,583,33726,-13,overheat,B737-121,2025-08-15T11:13:30Z,IN_FLIGHT,MAA
1146,0.62,3673,4187,0.9,519,20491,17,overheat,CRJ700-081,2025-08-15T11:14:00Z,ON_GROUND,MAA
792,0.34,2639,3284,0.26,946,19339,-15,no_issue,A320-089,2025-08-15T11:14:30Z,ON_GROUND,MAA
985,0.57,3936,1403,0.52,686,24241,-18,overheat,E190-036,2025-08-15T11:15:00Z,IN_FLIGHT,COK
701,0.48,2299,640,0.57,479,33928,8,no_issue,B737-122,2025-08-15T11:15:30Z,ON_GROUND,CCU
1066,0.14,2399,852,0.53,892,39479,-49,overheat,A350-061,2025-08-15T11:16:00Z,ON_GROUND,PNQ
817,0.23,2296,241,0.45,612,11405,-2,no_issue,E190-037,2025-08-15T11:16:30Z,IN_FLIGHT,HYD
631,0.41,2352,3582,0.47,818,37165,24,no_issue,A350-062,2025-08-15T11:17:00Z,ON_GROUND,MAA
1004,0.12,2875,3402,0.35,595,15856,-40,overheat,CRJ700-082,2025-08-15T11:17:30Z,IN_FLIGHT,BLR
817,0.52,2830,4516,0.35,734,36252,30,no_issue,A350-063,2025-08-15T11:18:00Z,ON_GROUND,IXC
671,0.59,3541,501,0.44,922,25335,-60,no_issue,B737-123,2025-08-15T11:18:30Z,ON_GROUND,IXC
1194,0.69,2666,2026,0.58,652,16753,-18,overheat,E190-038,2025-08-15T11:19:00Z,IN_FLIGHT,GOI
1035,0.55,2268,3949,0.39,543,37161,-36,overheat,A350-064,2025-08-15T11:19:30Z,IN_FLIGHT,CCU
1161,0.59,2312,2707,0.76,838,16325,6,overheat,A320-090,2025-08-15T11:20:00Z,ON_GROUND,DEL
862,0.62,2314,3312,0.28,599,32637,15,no_issue,B737-124,2025-08-15T11:20:30Z,IN_FLIGHT,HYD
972,0.8,2627,1898,0.52,646,17784,-53,overheat,E190-039,2025-08-15T11:21:00Z,ON_GROUND,COK
818,0.09,2258,48,0.71,845,14494,-59,no_issue,A320-091,2025-08-15T11:21:30Z,IN_FLIGHT,IXC
883,0.17,2820,3979,0.4,646,31429,-3,no_issue,B737-125,2025-08-15T11:22:00Z,IN_FLIGHT,BOM
958,0.95,2024,3386,0.63,668,17188,-58,overheat,E190-040,2025-08-15T11:22:30Z,ON_GROUND,CCU
959,0.42,3886,1564,0.31,432,30200,-49,overheat,B737-126,2025-08-15T11:23:00Z,IN_FLIGHT,COK
954,0.47,2156,2442,0.48,465,16524,-40,overheat,CRJ700-083,2025-08-15T11:23:30Z,ON_GROUND,BLR
938,0.56,2747,4984,0.33,946,12233,25,no_issue,A320-092,2025-08-15T11:24:00Z,ON_GROUND,PNQ
710,0.92,2203,576,0.39,925,34467,30,brake_failure,B737-127,2025-08-15T11:24:30Z,ON_GROUND,PNQ
678,0.11,2018,2338,0.67,709,10557,-18,no_issue,A320-093,2025-08-15T11:25:00Z,ON_GROUND,PNQ
833,0.55,3471,3400,0.23,553,28289,20,no_issue,B737-128,2025-08-15T11:25:30Z,ON_GROUND,BLR
829,0.72,3451,4409,0.38,410,29223,-41,no_issue,B737-129,2025-08-15T11:26:00Z,IN_FLIGHT,PNQ
647,0.69,3593,1119,0.64,604,25430,-52,no_issue,B737-130,2025-08-15T11:26:30Z,IN_FLIGHT,HYD
826,0.71,3788,1355,0.22,835,30211,-22,no_issue,B737-131,2025-08-15T11:27:00Z,IN_FLIGHT,GOI
1023,0.49,3593,437,0.43,508,12113,-37,overheat,CRJ700-084,2025-08-15T11:27:30Z,ON_GROUND,GOI
797,0.43,2700,741,0.42,572,22730,14,no_issue,CRJ700-085,2025-08-15T11:28:00Z,ON_GROUND,COK
897,0.47,3949,1954,0.88,711,12259,39,no_issue,A320-094,2025-08-15T11:28:30Z,ON_GROUND,COK
1161,0.4,2180,2579,0.45,884,26777,-21,overheat,B737-132,2025-08-15T11:29:00Z,ON_GROUND,HYD
861,0.03,2337,4734,0.58,571,15950,-54,no_issue,CRJ700-086,2025-08-15T11:29:30Z,ON_GROUND,BLR
744,0.3,2927,2790,0.59,502,37023,10,no_issue,A350-065,2025-08-15T11:30:00Z,ON_GROUND,HYD
1097,0.24,2465,4756,0.45,652,28150,15,overheat,B737-133,2025-08-15T11:30:30Z,ON_GROUND,BLR
1178,0.58,3114,3394,0.64,901,29150,-54,overheat,B737-134,2025-08-15T11:31:00Z,ON_GROUND,GOI
1011,0.22,3375,2217,0.87,701,20365,32,overheat,A320-095,2025-08-15T11:31:30Z,ON_GROUND,MAA
699,0.76,3464,2297,0.3,735,33194,-49,no_issue,B737-135,2025-08-15T11:32:00Z,IN_FLIGHT,BLR
958,0.22,3121,2999,0.71,726,33222,-45,overheat,B737-136,2025-08-15T11:32:30Z,ON_GROUND,COK
609,0.65,2216,1826,0.61,486,37087,22,no_issue,A350-066,2025-08-15T11:33:00Z,ON_GROUND,HYD
696,0.8,3625,3405,0.43,784,36571,-8,no_issue,A350-067,2025-08-15T11:33:30Z,ON_GROUND,DEL
675,0.42,3405,1775,0.78,900,13703,-36,no_issue,A320-096,2025-08-15T11:34:00Z,IN_FLIGHT,BLR
923,0.65,3266,4699,0.73,721,16204,36,no_issue,A320-097,2025-08-15T11:34:30Z,IN_FLIGHT,CCU
737,0.14,2817,3402,0.21,576,28389,-50,no_issue,B737-137,2025-08-15T11:35:00Z,IN_FLIGHT,BOM
841,0.02,3491,607,0.79,675,18557,-18,no_issue,E190-041,2025-08-15T11:35:30Z,IN_FLIGHT,BOM
960,0.63,3398,94,0.48,848,29978,-29,overheat,B737-138,2025-08-15T11:36:00Z,ON_GROUND,IXC
815,0.7,2695,199,0.81,708,26815,-6,no_issue,B737-139,2025-08-15T11:36:30Z,IN_FLIGHT,DEL
828,0.65,3405,4296,0.53,513,24746,-58,no_issue,CRJ700-087,2025-08-15T11:37:00Z,IN_FLIGHT,GOI
614,0.68,2522,4885,0.7,915,32160,7,no_issue,B737-140,2025-08-15T11:37:30Z,IN_FLIGHT,COK
613,0.26,3252,4789,0.89,641,12108,-33,no_issue,E190-042,2025-08-15T11:38:00Z,ON_GROUND,BLR
639,0.86,2908,3110,0.41,849,34824,-1,brake_failure,B737-141,2025-08-15T11:38:30Z,ON_GROUND,PNQ
1158,0.39,2186,4124,0.33,557,19514,19,overheat,CRJ700-088,2025-08-15T11:39:00Z,ON_GROUND,GOI
629,0.33,2274,2591,0.8,468,22405,-50,no_issue,CRJ700-089,2025-08-15T11:39:30Z,ON_GROUND,BLR
1136,0.71,3720,160,0.83,521,31753,-33,overheat,B737-142,2025-08-15T11:40:00Z,ON_GROUND,HYD
1194,0.7,2650,325,0.51,497,29138,-19,overheat,B737-143,2025-08-15T11:40:30Z,ON_GROUND,HYD
824,0.71,2951,2550,0.34,408,35547,26,no_issue,A350-068,2025-08-15T11:41:00Z,IN_FLIGHT,CCU
1156,0.63,3496,675,0.65,793,32143,-30,overheat,B737-144,2025-08-15T11:41:30Z,ON_GROUND,GOI
1191,0.69,3276,1964,0.42,563,17202,-2,overheat,CRJ700-090,2025-08-15T11:42:00Z,IN_FLIGHT,PNQ
871,0.46,2303,4731,0.37,591,31201,38,no_issue,B737-145,2025-08-15T11:42:30Z,IN_FLIGHT,PNQ
743,0.65,2419,4576,0.86,768,29483,11,no_issue,B737-146,2025-08-15T11:43:00Z,ON_GROUND,HYD
1103,0.22,3396,3865,0.73,893,35510,-35,overheat,A350-069,2025-08-15T11:43:30Z,ON_GROUND,DEL
1016,0.1,3458,1246,0.34,444,38127,-11,overheat,A350-070,2025-08-15T11:44:00Z,ON_GROUND,PNQ
976,0.26,2412,1441,0.76,888,37302,23,overheat,A350-071,2025-08-15T11:44:30Z,ON_GROUND,BLR
705,0.83,3033,2780,0.43,624,36549,-17,no_issue,A350-072,2025-08-15T11:45:00Z,IN_FLIGHT,PNQ
671,0.22,2091,2440,0.73,547,16243,5,no_issue,CRJ700-091,2025-08-15T11:45:30Z,ON_GROUND,BOM
784,0.39,2091,2589,0.24,922,21934,32,no_issue,A320-098,2025-08-15T11:46:00Z,IN_FLIGHT,COK
866,0.41,3472,2809,0.3,498,16438,-40,no_issue,CRJ700-092,2025-08-15T11:46:30Z,ON_GROUND,GOI
662,0.61,2193,3786,0.3,648,18529,26,no_issue,E190-043,2025-08-15T11:47:00Z,ON_GROUND,GOI
843,0.76,2844,288,0.67,688,26054,26,no_issue,B737-147,2025-08-15T11:47:30Z,ON_GROUND,COK
790,0.3,3326,4573,0.64,824,34312,9,no_issue,B737-148,2025-08-15T11:48:00Z,ON_GROUND,COK
977,0.88,3066,4572,0.35,559,12001,-58,overheat,CRJ700-093,2025-08-15T11:48:30Z,IN_FLIGHT,CCU
634,0.15,2769,2191,0.31,811,11139,29,no_issue,A320-099,2025-08-15T11:49:00Z,IN_FLIGHT,GOI
838,0.91,3642,4768,0.47,741,26950,-45,brake_failure,B737-149,2025-08-15T11:49:30Z,ON_GROUND,GOI
946,0.93,2681,1139,0.4,436,36218,8,brake_failure,A350-073,2025-08-15T11:50:00Z,ON_GROUND,HYD
1154,0.1,2016,3886,0.32,652,37639,-21,overheat,A350-074,2025-08-15T11:50:30Z,IN_FLIGHT,BOM
1106,0.07,3538,593,0.7,904,27172,24,overheat,B737-150,2025-08-15T11:51:00Z,ON_GROUND,BLR
852,0.12,3400,1775,0.59,565,28374,4,no_issue,B737-151,2025-08-15T11:51:30Z,IN_FLIGHT,IXC
692,0.68,3997,2555,0.89,773,32837,-32,no_issue,B737-152,2025-08-15T11:52:00Z,IN_FLIGHT,BLR
910,0.4,2135,4498,0.53,465,21238,-30,no_issue,CRJ700-094,2025-08-15T11:52:30Z,ON_GROUND,CCU
1047,0.86,2876,4968,0.51,449,34127,-59,overheat,B737-153,2025-08-15T11:53:00Z,ON_GROUND,DEL
865,0.67,3612,4820,0.47,435,23164,-24,no_issue,CRJ700-095,2025-08-15T11:53:30Z,IN_FLIGHT,BOM
803,0.32,2637,2160,0.34,840,18527,-33,no_issue,A320-100,2025-08-15T11:54:00Z,IN_FLIGHT,MAA
1093,0.77,2897,4306,0.71,468,17454,-33,overheat,CRJ700-096,2025-08-15T11:54:30Z,IN_FLIGHT,MAA
778,0.28,3149,2035,0.55,586,15373,9,no_issue,CRJ700-097,2025-08-15T11:55:00Z,IN_FLIGHT,HYD
1071,0.2,2282,3324,0.4,776,18664,-27,overheat,A320-101,2025-08-15T11:55:30Z,ON_GROUND,MAA
1108,0.39,3100,4161,0.86,569,13714,34,overheat,CRJ700-098,2025-08-15T11:56:00Z,ON_GROUND,GOI
732,0.58,2701,1519,0.44,749,32417,-10,no_issue,B737-154,2025-08-15T11:56:30Z,IN_FLIGHT,IXC
734,0.88,2005,2383,0.29,592,18318,3,brake_failure,CRJ700-099,2025-08-15T11:57:00Z,ON_GROUND,HYD
860,0,3900,2828,0.85,503,26709,-33,no_issue,B737-155,2025-08-15T11:57:30Z,ON_GROUND,BOM
1056,0.45,3872,922,0.6,754,22620,-48,overheat,A320-102,2025-08-15T11:58:00Z,ON_GROUND,PNQ
1112,0.99,2372,1723,0.28,764,22743,-43,overheat,A320-103,2025-08-15T11:58:30Z,ON_GROUND,IXC
1174,0.18,3896,4924,0.32,689,12575,33,overheat,E190-044,2025-08-15T11:59:00Z,IN_FLIGHT,CCU
920,0.5,2601,840,0.62,457,22864,18,no_issue,CRJ700-100,2025-08-15T11:59:30Z,IN_FLIGHT,BOM
1179,0.57,3263,3879,0.29,495,16394,-12,overheat,CRJ700-101,2025-08-15T12:00:00Z,ON_GROUND,BLR
772,0.56,2290,1115,0.2,722,31579,-19,no_issue,B737-156,2025-08-15T12:00:30Z,ON_GROUND,CCU
985,0.29,3034,2789,0.68,923,32452,16,overheat,B737-157,2025-08-15T12:01:00Z,IN_FLIGHT,HYD
945,0.96,3561,3249,0.31,926,12661,-59,brake_failure,A320-104,2025-08-15T12:01:30Z,IN_FLIGHT,PNQ
820,0.07,2627,3424,0.58,827,19910,25,no_issue,A320-105,2025-08-15T12:02:00Z,ON_GROUND,HYD
633,0.19,2854,1539,0.23,455,22922,-52,no_issue,CRJ700-102,2025-08-15T12:02:30Z,IN_FLIGHT,HYD
906,0.58,2093,4663,0.23,867,13967,-12,no_issue,A320-106,2025-08-15T12:03:00Z,IN_FLIGHT,CCU
834,0.84,3101,4066,0.6,502,39667,-37,no_issue,A350-075,2025-08-15T12:03:30Z,ON_GROUND,MAA
704,0.83,2616,2840,0.88,650,14595,32,no_issue,E190-045,2025-08-15T12:04:00Z,ON_GROUND,COK
723,0.52,3088,2862,0.51,549,36850,-22,no_issue,A350-076,2025-08-15T12:04:30Z,ON_GROUND,DEL
857,0.4,2476,3210,0.52,939,17493,27,no_issue,A320-107,2025-08-15T12:05:00Z,IN_FLIGHT,PNQ
991,0.54,2869,583,0.51,587,12711,38,overheat,CRJ700-103,2025-08-15T12:05:30Z,IN_FLIGHT,GOI
1099,0.56,2846,1822,0.66,732,23676,-13,overheat,A320-108,2025-08-15T12:06:00Z,IN_FLIGHT,COK
980,0.72,3827,4762,0.62,852,37816,-58,overheat,A350-077,2025-08-15T12:06:30Z,IN_FLIGHT,PNQ
865,0,3655,3120,0.74,876,25676,-50,no_issue,B737-158,2025-08-15T12:07:00Z,ON_GROUND,MAA
925,0.99,2815,4670,0.76,702,20963,-23,brake_failure,A320-109,2025-08-15T12:07:30Z,IN_FLIGHT,DEL
618,0.73,3078,1961,0.59,579,11370,-26,no_issue,CRJ700-104,2025-08-15T12:08:00Z,ON_GROUND,DEL
914,0.04,3899,1295,0.7,493,33620,-34,no_issue,B737-159,2025-08-15T12:08:30Z,ON_GROUND,CCU
834,0.5,3163,1730,0.43,800,18967,-41,no_issue,A320-110,2025-08-15T12:09:00Z,ON_GROUND,BOM
999,0.76,3294,345,0.72,677,10265,-40,overheat,E190-046,2025-08-15T12:09:30Z,IN_FLIGHT,BLR
