engine_temp,brake_wear,hydraulic_pressure,flight_hours,fuel_efficiency,airspeed,altitude,outside_temp,failure_label,aircraftID
813,0,2300,4108,0,555,11334,-60,no_issue,CRJ700-001
625,0,2467,4450,0,736,17136,-59,no_issue,A320-001
857,0,2787,4844,0,438,39992,9,no_issue,A350-001
1161,0,2692,1594,0,950,39612,-25,overheat,B787-001
944,0,3306,385,0,730,16157,26,no_issue,A320-002
1014,0,3204,423,0,591,29960,10,overheat,B737-001
807,0,2794,3701,0,713,29353,-27,no_issue,B737-002
654,0,3831,2976,0,645,23348,-21,no_issue,E190-001
804,0,3535,3039,0,625,20444,14,no_issue,E190-002
1171,0,2090,3671,0,450,37618,-7,overheat,A350-002
849,0,3551,3505,0,526,28180,-35,no_issue,B737-003
1169,0,2864,2624,0,402,18895,15,overheat,CRJ700-002
1125,0,2620,128,0,697,15185,23,overheat,E190-003
849,0,3107,3570,0,539,11198,25,no_issue,CRJ700-003
842,0,3765,4506,0,804,18541,-34,no_issue,A320-003
1145,0,3040,1527,0,593,29059,-17,overheat,B737-004
671,0,2402,627,0,731,26466,0,no_issue,B737-005
1049,0,3236,4239,0,581,20742,-2,overheat,CRJ700-004
774,0,3129,2832,0,483,18468,25,no_issue,CRJ700-005
1186,0,2215,383,0,434,32053,-35,overheat,B737-006
965,0,2385,1617,0,424,24428,13,overheat,CRJ700-006
1133,0,3141,3955,0,734,24161,20,overheat,A320-004
1158,0,3737,2882,0,907,37419,-3,overheat,B787-002
1100,0,2918,783,0,771,29152,-18,overheat,B737-007
661,0,2639,4785,0,438,38536,-16,no_issue,A350-003
888,0,3376,2795,0,724,35364,15,no_issue,A350-004
1039,0,3484,1287,0,540,38654,24,overheat,A350-005
871,0,3841,1623,0,700,21434,40,no_issue,E190-004
899,0,3618,2505,0,540,38258,15,no_issue,A350-006
616,0,2756,1493,0,694,39893,-41,no_issue,A350-007
682,0,2472,933,0,877,19042,24,no_issue,A320-005
934,0,3047,3329,0,577,31282,-34,no_issue,B737-008
926,0,3262,1348,0,735,15522,5,no_issue,A320-006
1080,0,3947,2853,0,456,19843,-38,overheat,CRJ700-007
887,0,2075,4802,0,716,32775,-15,no_issue,B737-009
680,0,2593,4334,0,531,12083,-7,no_issue,CRJ700-008
1168,0,2241,2533,0,928,32756,-22,overheat,B737-010
1097,0,2701,1387,0,474,15514,22,overheat,CRJ700-009
934,0,3817,3062,0,899,19514,-59,no_issue,A320-007
872,0,2424,4694,0,835,33973,38,no_issue,B737-011
720,0,2818,4681,0,453,20677,20,no_issue,CRJ700-010
844,0,2071,3038,0,834,21922,-44,brake_failure,A320-008
1048,0,3898,3231,0,627,14972,32,overheat,E190-005
1068,0,3729,416,0,426,24643,39,overheat,CRJ700-011
1159,0,3770,220,0,556,34899,-5,overheat,B737-012
622,0,3131,1415,0,638,12338,18,no_issue,E190-006
716,0,3426,3745,0,935,10226,7,brake_failure,A320-009
722,0,3085,3898,0,623,38147,-47,brake_failure,A350-008
993,0,2704,306,0,936,22560,5,overheat,A320-010
1090,0,2269,4809,0,695,33831,40,overheat,B737-013
877,0,3895,3198,0,454,15038,-51,no_issue,CRJ700-012
1122,0,2406,3492,0,593,30661,-51,overheat,B737-014
796,0,2972,4172,0,805,10936,17,brake_failure,A320-011
848,0,3118,4447,0,493,18699,-43,no_issue,CRJ700-013
862,0,2515,1971,0,509,18352,-5,no_issue,CRJ700-014
633,0,2936,353,0,453,16100,-59,no_issue,CRJ700-015
1188,0,3720,1821,0,614,32105,-26,overheat,B737-015
627,0,2806,474,0,537,28600,-31,no_issue,B737-016
962,0,2794,1988,0,418,17307,-46,overheat,CRJ700-016
654,0,2495,478,0,465,16059,31,brake_failure,CRJ700-017
1049,0,3614,4239,0,538,29164,33,overheat,B737-017
891,0,3249,1340,0,673,31831,-27,no_issue,B737-018
874,0,2926,4649,0,737,29323,-1,no_issue,B737-019
1092,0,2761,4058,0,787,29373,-33,overheat,B737-020
959,0,3888,19,0,948,11593,5,overheat,A320-012
777,0,3369,1965,0,948,21093,7,no_issue,A320-013
821,0,2664,1157,0,616,15702,12,brake_failure,E190-007
735,0,3112,3454,0,862,38477,15,no_issue,A350-009
627,0,2249,4707,0,939,33645,-24,no_issue,B737-021
627,0,2101,3035,0,578,15738,-17,no_issue,CRJ700-018
1108,0,3236,3146,0,508,33983,-11,overheat,B737-022
913,0,2697,1129,0,874,35906,9,no_issue,A350-010
729,0,2899,3591,0,469,38456,-47,no_issue,A350-011
986,0,2799,164,0,503,29709,-21,overheat,B737-023
789,0,3874,912,0,888,34694,-44,no_issue,B737-024
859,0,3365,2482,0,549,10536,35,no_issue,CRJ700-019
677,0,3838,4416,0,634,25781,-57,no_issue,B737-025
1189,0,3755,1755,0,944,27739,12,overheat,B737-026
836,0,3780,3416,0,547,11811,2,no_issue,CRJ700-020
607,0,3271,1889,0,509,35457,29,no_issue,A350-012
1152,0,2265,4318,0,820,23497,-17,overheat,A320-014
968,0,3992,2743,0,937,11145,-13,overheat,A320-015
879,0,2035,2842,0,713,15001,-7,no_issue,A320-016
729,0,3312,4429,0,915,23711,-58,no_issue,A320-017
1034,0,3170,749,0,595,23582,-16,overheat,CRJ700-021
1032,0,2671,4478,0,876,33318,16,overheat,B737-027
784,0,3818,1138,0,675,12861,8,no_issue,E190-008
976,0,2769,4479,0,947,20169,21,overheat,A320-018
779,0,2291,1194,0,846,35386,16,brake_failure,A350-013
1093,0,2065,1603,0,673,16662,35,overheat,E190-009
1121,0,3716,2493,0,597,23308,22,overheat,CRJ700-022
685,0,3995,172,0,858,20199,39,no_issue,A320-019
694,0,3207,2535,0,893,14460,29,no_issue,A320-020
1062,0,3593,3120,0,606,33697,-58,overheat,B737-028
652,0,3493,1649,0,468,20404,-50,no_issue,CRJ700-023
1029,0,3544,1709,0,586,15117,-31,overheat,CRJ700-024
1020,0,2927,378,0,635,37192,-1,overheat,A350-014
819,0,2060,4864,0,525,30278,29,no_issue,B737-029
1043,0,2744,1906,0,923,17884,-38,overheat,A320-021
1072,0,2668,2666,0,772,27921,1,overheat,B737-030
1193,0,2820,4517,0,687,23414,4,overheat,E190-010
846,0,3226,1173,0,928,24244,-48,brake_failure,A320-022
1139,0,3673,467,0,707,35311,11,overheat,A350-015
611,0,3498,2076,0,696,26672,16,no_issue,B737-031
1157,0,2749,562,0,906,17131,20,overheat,A320-023
990,0,2652,4443,0,591,13999,16,overheat,CRJ700-025
830,0,2450,4505,0,910,27399,-36,no_issue,B737-032
1061,0,2191,3816,0,774,27136,-44,overheat,B737-033
1047,0,3730,2596,0,825,10705,-19,overheat,A320-024
1024,0,3718,2109,0,809,37493,-52,overheat,A350-016
949,0,3578,3641,0,802,32350,-6,no_issue,B737-034
882,0,2225,2472,0,444,26332,-34,no_issue,B737-035
908,0,3523,701,0,549,22489,-21,no_issue,CRJ700-026
720,0,2345,4878,0,552,33409,3,brake_failure,B737-036
1073,0,3512,1803,0,766,36701,23,overheat,A350-017
1051,0,2480,1152,0,567,23241,-55,overheat,CRJ700-027
792,0,2737,3249,0,679,39818,-48,no_issue,A350-018
1023,0,2785,4632,0,428,38557,-12,overheat,A350-019
649,0,2338,4167,0,799,13350,-38,no_issue,A320-025
1087,0,2596,2592,0,805,21225,-40,overheat,A320-026
1019,0,2704,3766,0,931,31448,-43,overheat,B737-037
979,0,3173,3452,0,464,10822,-41,overheat,CRJ700-028
797,0,2923,4497,0,457,35384,-24,no_issue,A350-020
990,0,3815,3372,0,651,22682,3,overheat,E190-011
694,0,2665,3766,0,452,31613,-38,no_issue,B737-038
1072,0,3651,1092,0,800,35997,2,overheat,A350-021
1173,0,2925,1946,0,528,12859,-60,overheat,CRJ700-029
1072,0,2544,1489,0,932,39302,-6,overheat,B787-003
743,0,3451,758,0,773,24481,-50,no_issue,A320-027
788,0,2365,44,0,933,22459,3,no_issue,A320-028
815,0,3207,2720,0,583,10581,-53,no_issue,CRJ700-030
1045,0,3069,1129,0,660,29817,2,overheat,B737-039
920,0,2740,3614,0,515,23030,40,no_issue,CRJ700-031
648,0,2763,2222,0,886,27903,2,no_issue,B737-040
793,0,3545,3349,0,528,39456,20,no_issue,A350-022
791,0,3523,48,0,887,36464,12,no_issue,A350-023
786,0,2806,2884,0,535,30985,-13,brake_failure,B737-041
1149,0,3292,191,0,712,39660,8,overheat,A350-024
805,0,2459,2252,0,713,24773,-31,no_issue,A320-029
1131,0,2371,1146,0,815,32014,25,overheat,B737-042
1087,0,3593,3752,0,618,18993,-54,overheat,E190-012
1038,0,3069,15,0,874,33325,-29,overheat,B737-043
1158,0,3190,3888,0,908,16669,23,overheat,A320-030
1186,0,3606,4945,0,700,16591,-52,overheat,E190-013
1053,0,2571,954,0,643,20990,-55,overheat,E190-014
1130,0,2691,4006,0,540,27313,-5,overheat,B737-044
1065,0,2122,832,0,538,11233,-23,overheat,CRJ700-032
840,0,2320,3216,0,444,21817,31,no_issue,CRJ700-033
804,0,2106,4337,0,572,19874,-55,no_issue,CRJ700-034
639,0,3884,2593,0,920,24947,-27,no_issue,A320-031
729,0,2733,1383,0,725,31645,-46,no_issue,B737-045
1079,0,3687,83,0,527,39677,-22,overheat,A350-025
1005,0,3293,1510,0,610,19123,26,overheat,E190-015
978,0,3296,2450,0,625,20389,17,overheat,E190-016
697,0,2331,1714,0,620,21154,-5,no_issue,E190-017
1122,0,3267,2305,0,519,22944,-55,overheat,CRJ700-035
825,0,2852,2428,0,740,22259,-43,no_issue,A320-032
1155,0,3907,4342,0,871,15850,0,overheat,A320-033
1129,0,2851,2808,0,628,21620,-40,overheat,E190-018
790,0,2457,2630,0,518,38067,25,no_issue,A350-026
950,0,2049,4303,0,571,35196,28,no_issue,A350-027
1084,0,2879,701,0,745,29906,28,overheat,B737-046
1143,0,3306,3117,0,917,25597,11,overheat,B737-047
649,0,2941,3494,0,454,37338,34,no_issue,A350-028
998,0,3580,4963,0,588,36380,25,overheat,A350-029
639,0,3507,4047,0,751,26655,-38,brake_failure,B737-048
914,0,2425,4451,0,484,10369,-11,no_issue,CRJ700-036
902,0,3169,155,0,842,17247,0,no_issue,A320-034
731,0,3488,2410,0,729,16770,-21,no_issue,A320-035
1047,0,3223,772,0,717,34948,30,overheat,B737-049
815,0,2985,3484,0,553,21466,7,no_issue,CRJ700-037
847,0,2696,4366,0,558,22039,35,brake_failure,CRJ700-038
794,0,3972,3776,0,793,13428,22,brake_failure,A320-036
930,0,3925,4463,0,483,30054,14,no_issue,B737-050
801,0,3412,3188,0,783,26690,-38,no_issue,B737-051
665,0,2456,1456,0,742,17324,32,brake_failure,A320-037
693,0,2753,446,0,690,22660,-56,no_issue,E190-019
829,0,2095,3112,0,460,26761,-39,no_issue,B737-052
928,0,3954,4877,0,545,25178,-40,no_issue,B737-053
822,0,2774,440,0,924,31472,32,brake_failure,B737-054
626,0,3046,179,0,939,30087,-50,no_issue,B737-055
628,0,2331,1568,0,732,10275,0,no_issue,A320-038
1136,0,3471,2089,0,741,26181,13,overheat,B737-056
911,0,3849,3843,0,813,36912,32,no_issue,A350-030
952,0,3426,2767,0,459,39710,21,overheat,A350-031
959,0,2957,4302,0,400,17072,33,overheat,CRJ700-039
901,0,2391,3775,0,843,30225,-3,no_issue,B737-057
933,0,2288,1158,0,481,23415,-19,no_issue,CRJ700-040
1174,0,3437,4905,0,422,19425,-7,overheat,CRJ700-041
654,0,3673,597,0,860,24510,11,no_issue,A320-039
691,0,3119,169,0,478,36873,-16,no_issue,A350-032
804,0,3398,4297,0,790,10585,18,brake_failure,A320-040
786,0,2483,2618,0,432,31952,9,brake_failure,B737-058
1063,0,2382,4595,0,891,21907,3,overheat,A320-041
1115,0,2661,1340,0,827,15035,13,overheat,A320-042
982,0,3732,4324,0,561,30579,-39,overheat,B737-059
787,0,2089,2523,0,441,20952,-28,no_issue,CRJ700-042
1063,0,2720,4540,0,836,36748,4,overheat,A350-033
1107,0,2038,4346,0,856,35777,-37,overheat,A350-034
662,0,3375,1125,0,797,17010,-45,brake_failure,A320-043
1180,0,3392,1874,0,409,14624,35,overheat,CRJ700-043
620,0,3113,1796,0,919,24829,-57,no_issue,A320-044
817,0,2860,1249,0,588,19624,-42,brake_failure,CRJ700-044
821,0,2008,3867,0,897,21347,24,no_issue,A320-045
756,0,3409,342,0,892,28886,-30,brake_failure,B737-060
994,0,2339,4698,0,694,35803,-5,overheat,A350-035
750,0,3511,2769,0,894,29990,-12,no_issue,B737-061
633,0,3698,1620,0,865,20338,-34,brake_failure,A320-046
651,0,3337,950,0,598,34932,-22,brake_failure,B737-062
769,0,2270,3676,0,932,24575,-49,no_issue,A320-047
774,0,2332,2963,0,885,35669,-24,no_issue,A350-036
604,0,2863,4320,0,400,35766,40,no_issue,A350-037
854,0,3431,4706,0,717,31348,-6,no_issue,B737-063
1078,0,2386,4138,0,578,36473,-60,overheat,A350-038
1047,0,2494,1363,0,727,10250,-2,overheat,A320-048
1200,0,2733,1317,0,732,19418,13,overheat,A320-049
889,0,3149,4299,0,536,11336,17,no_issue,CRJ700-045
962,0,3526,3666,0,781,21253,4,overheat,A320-050
767,0,2185,899,0,634,21651,17,no_issue,E190-020
1172,0,3323,2376,0,488,14926,-58,overheat,CRJ700-046
1023,0,3822,3600,0,650,32705,28,overheat,B737-064
706,0,3520,2290,0,766,21323,29,brake_failure,A320-051
727,0,2435,3592,0,591,35175,16,no_issue,A350-039
838,0,2908,2446,0,516,12003,-6,no_issue,CRJ700-047
715,0,3702,2489,0,849,17361,-30,no_issue,A320-052
741,0,3764,3435,0,400,15113,7,no_issue,CRJ700-048
1199,0,2076,2994,0,908,23336,-12,overheat,A320-053
897,0,2690,2293,0,625,26345,-38,no_issue,B737-065
700,0,2951,2871,0,627,32899,22,no_issue,B737-066
848,0,2485,2446,0,580,38762,34,no_issue,A350-040
1187,0,2441,65,0,409,32288,-23,overheat,B737-067
925,0,3779,633,0,649,32027,-6,brake_failure,B737-068
842,0,3796,3753,0,744,34898,-57,no_issue,B737-069
768,0,2750,2968,0,833,38552,9,no_issue,A350-041
618,0,2042,3372,0,623,29141,29,no_issue,B737-070
621,0,3697,3514,0,570,25097,-21,no_issue,B737-071
615,0,2335,4863,0,867,22330,-28,no_issue,A320-054
1196,0,3537,2189,0,649,21041,28,overheat,E190-021
1170,0,2364,2372,0,492,18089,-25,overheat,CRJ700-049
1151,0,3868,4546,0,713,12371,0,overheat,A320-055
851,0,3880,3551,0,547,34828,-38,no_issue,B737-072
1139,0,3481,1336,0,579,18768,-51,overheat,CRJ700-050
965,0,2522,3711,0,805,10460,-46,overheat,A320-056
1016,0,3379,2430,0,443,26232,-26,overheat,B737-073
949,0,3201,4786,0,854,39038,-14,no_issue,A350-042
612,0,3426,3161,0,429,38181,23,no_issue,A350-043
885,0,3282,711,0,807,25282,17,no_issue,B737-074
712,0,3130,2425,0,696,24583,-60,no_issue,E190-022
1114,0,2661,4180,0,613,16439,-30,overheat,E190-023
642,0,2272,4643,0,584,27785,-25,brake_failure,B737-075
1150,0,3028,2179,0,892,30796,17,overheat,B737-076
1019,0,2762,1367,0,436,18644,12,overheat,CRJ700-051
791,0,3756,1832,0,890,33066,6,no_issue,B737-077
957,0,3791,2234,0,868,15670,-21,overheat,A320-057
1156,0,3461,3050,0,924,12848,-24,overheat,A320-058
1072,0,2259,2757,0,756,25232,-17,overheat,B737-078
655,0,2097,3614,0,428,14268,2,no_issue,CRJ700-052
715,0,2442,1377,0,699,15863,26,no_issue,E190-024
734,0,3170,2211,0,927,35393,-2,no_issue,B787-004
694,0,2732,870,0,442,32407,-21,no_issue,B737-079
761,0,3767,4301,0,497,35887,-33,no_issue,A350-044
848,0,3466,2931,0,747,32782,-36,no_issue,B737-080
748,0,3230,2203,0,417,17326,39,no_issue,CRJ700-053
1109,0,2361,3571,0,674,20615,26,overheat,E190-025
785,0,3964,2952,0,581,35362,-34,no_issue,A350-045
766,0,2716,2069,0,671,19701,35,no_issue,E190-026
701,0,2104,2289,0,932,32112,40,no_issue,B737-081
1113,0,2354,3598,0,849,22659,-52,overheat,A320-059
854,0,2541,1057,0,857,30403,24,brake_failure,B737-082
810,0,3753,327,0,556,19446,-19,no_issue,CRJ700-054
984,0,3698,1168,0,616,31918,36,overheat,B737-083
898,0,3825,3117,0,631,35838,5,no_issue,A350-046
1119,0,3792,686,0,584,19039,-49,overheat,CRJ700-055
756,0,2530,4769,0,884,14925,11,no_issue,A320-060
653,0,3714,3184,0,578,21121,-5,no_issue,CRJ700-056
790,0,3117,1827,0,630,37633,-54,no_issue,A350-047
1078,0,2542,262,0,729,12869,1,overheat,A320-061
904,0,3047,3121,0,450,29070,-31,no_issue,B737-084
825,0,3891,3323,0,721,19958,-14,no_issue,A320-062
709,0,3297,3265,0,634,23762,-53,brake_failure,E190-027
975,0,3917,4320,0,845,39233,3,overheat,A350-048
939,0,3070,3704,0,645,10082,38,no_issue,E190-028
664,0,2527,477,0,475,39709,-20,no_issue,A350-049
782,0,3651,4616,0,761,15840,-21,no_issue,A320-063
894,0,3334,4351,0,429,17794,13,no_issue,CRJ700-057
971,0,3235,2835,0,433,24394,-37,overheat,CRJ700-058
731,0,3347,1256,0,533,27348,-47,no_issue,B737-085
1022,0,3125,2528,0,646,24290,14,overheat,E190-029
772,0,3826,1375,0,424,23062,34,no_issue,CRJ700-059
954,0,3228,302,0,596,32485,35,overheat,B737-086
1038,0,2131,428,0,625,27943,34,overheat,B737-087
1115,0,2178,4301,0,941,14363,-55,overheat,A320-064
1165,0,2741,2470,0,414,29600,-17,overheat,B737-088
602,0,2498,4756,0,467,26275,23,no_issue,B737-089
768,0,3784,4095,0,596,25087,18,no_issue,B737-090
897,0,2436,4949,0,799,37296,-15,no_issue,A350-050
770,0,3048,1578,0,785,16980,-50,no_issue,A320-065
782,0,3860,2126,0,799,30377,-2,no_issue,B737-091
629,0,2858,1999,0,805,15809,-57,brake_failure,A320-066
1085,0,3914,4325,0,838,10379,-26,overheat,A320-067
766,0,2457,4909,0,454,23152,0,no_issue,CRJ700-060
1044,0,3561,3348,0,802,19714,-47,overheat,A320-068
930,0,3284,3899,0,861,20636,-38,brake_failure,A320-069
1021,0,2587,4696,0,649,31271,-5,overheat,B737-092
1126,0,2309,510,0,703,29037,12,overheat,B737-093
1119,0,2957,2325,0,529,32000,9,overheat,B737-094
844,0,3417,1481,0,949,14764,14,no_issue,A320-070
847,0,2792,4345,0,702,10748,15,brake_failure,A320-071
1011,0,3793,2394,0,552,25457,8,overheat,B737-095
753,0,2669,3963,0,460,10610,-8,no_issue,CRJ700-061
837,0,3738,2831,0,619,37934,-4,no_issue,A350-051
629,0,3487,3584,0,919,14478,-30,brake_failure,A320-072
633,0,3280,1985,0,945,32569,-38,no_issue,B737-096
1045,0,2700,3891,0,518,16729,5,overheat,CRJ700-062
941,0,3003,633,0,443,34525,-49,brake_failure,B737-097
1155,0,3587,3434,0,405,36004,-26,overheat,A350-052
1004,0,3261,606,0,703,29288,-20,overheat,B737-098
761,0,3442,1593,0,770,32903,-42,brake_failure,B737-099
688,0,2319,2347,0,618,36303,-22,no_issue,A350-053
651,0,3723,3315,0,695,32213,12,no_issue,B737-100
644,0,2288,1502,0,626,19286,-52,no_issue,E190-030
772,0,2617,2921,0,806,28366,25,no_issue,B737-101
625,0,3073,2439,0,739,34788,15,no_issue,B737-102
1090,0,2108,1645,0,441,12254,24,overheat,CRJ700-063
869,0,2044,3618,0,518,30569,-23,no_issue,B737-103
1002,0,2355,3192,0,910,20211,-35,overheat,A320-073
881,0,2807,177,0,795,12354,15,no_issue,A320-074
677,0,3324,2043,0,808,19366,-21,no_issue,A320-075
1185,0,3959,1879,0,942,11298,-38,overheat,A320-076
1024,0,2276,4036,0,858,37861,16,overheat,A350-054
813,0,3082,1758,0,757,33397,-18,no_issue,B737-104
728,0,2385,3239,0,744,18596,18,no_issue,A320-077
1176,0,2382,3313,0,780,14500,-26,overheat,A320-078
1110,0,3037,1546,0,810,23094,-4,overheat,A320-079
851,0,2267,4411,0,809,15415,-14,no_issue,A320-080
667,0,3102,892,0,493,14148,-33,no_issue,CRJ700-064
1142,0,2955,3326,0,593,32816,-26,overheat,B737-105
987,0,3382,3273,0,428,21354,18,overheat,CRJ700-065
1159,0,2709,3996,0,769,24527,12,overheat,A320-081
957,0,3660,569,0,403,12212,10,overheat,CRJ700-066
647,0,2624,2444,0,825,24189,-4,no_issue,A320-082
804,0,2513,1253,0,919,15144,-55,no_issue,A320-083
793,0,3817,3014,0,636,14541,-21,no_issue,E190-031
823,0,3751,155,0,525,39586,-42,brake_failure,A350-055
1078,0,2458,856,0,413,17815,36,overheat,CRJ700-067
953,0,3466,2509,0,804,36260,2,overheat,A350-056
603,0,2003,2008,0,518,29833,-54,no_issue,B737-106
1161,0,3039,4915,0,610,27366,31,overheat,B737-107
871,0,2662,1175,0,532,34514,-20,no_issue,B737-108
894,0,3073,1197,0,684,11740,-18,no_issue,E190-032
1144,0,2829,4795,0,641,26225,-2,overheat,B737-109
971,0,3722,1376,0,683,34196,12,overheat,B737-110
703,0,2166,749,0,813,33774,-27,no_issue,B737-111
761,0,3896,1510,0,537,24964,-16,no_issue,CRJ700-068
984,0,3810,1485,0,766,31412,-58,overheat,B737-112
900,0,2028,4546,0,470,22222,27,no_issue,CRJ700-069
653,0,3014,1040,0,856,13118,30,no_issue,A320-084
1115,0,2160,1080,0,633,11400,37,overheat,E190-033
928,0,3309,2121,0,447,26240,15,no_issue,B737-113
760,0,2285,1046,0,645,37544,13,no_issue,A350-057
1195,0,2974,1619,0,417,21102,1,overheat,CRJ700-070
786,0,3605,2301,0,616,22609,-27,no_issue,E190-034
630,0,2198,4777,0,412,14917,32,no_issue,CRJ700-071
763,0,2915,211,0,499,21205,-49,no_issue,CRJ700-072
900,0,2296,3523,0,406,33544,20,no_issue,B737-114
1044,0,2409,1274,0,715,22894,-58,overheat,A320-085
1151,0,3442,176,0,944,26777,22,overheat,B737-115
864,0,3748,3524,0,583,21767,-21,no_issue,CRJ700-073
1193,0,3396,999,0,677,25966,23,overheat,B737-116
923,0,2685,321,0,712,11427,-37,no_issue,A320-086
642,0,2651,1170,0,862,38628,1,no_issue,A350-058
1060,0,3043,2725,0,462,13607,32,overheat,CRJ700-074
853,0,3725,1102,0,427,24999,21,no_issue,CRJ700-075
855,0,2259,4169,0,578,29013,-7,no_issue,B737-117
866,0,2253,2927,0,508,11502,-20,no_issue,CRJ700-076
829,0,3997,4305,0,717,32409,21,no_issue,B737-118
635,0,2232,260,0,745,24154,-2,no_issue,A320-087
933,0,2915,1898,0,931,26113,-36,no_issue,B737-119
735,0,2155,4558,0,433,14102,-2,no_issue,CRJ700-077
745,0,2276,838,0,576,20241,-37,no_issue,CRJ700-078
848,0,2254,1271,0,467,24154,35,no_issue,CRJ700-079
890,0,3027,4900,0,842,26187,31,no_issue,B737-120
813,0,3906,2469,0,647,23078,4,no_issue,E190-035
838,0,2073,2677,0,435,14802,36,no_issue,CRJ700-080
850,0,2718,354,0,918,21401,-57,no_issue,A320-088
685,0,3289,4020,0,759,39168,-37,no_issue,A350-059
1043,0,2907,1386,0,889,35723,34,overheat,A350-060
964,0,3467,2151,0,583,33726,-13,overheat,B737-121
1146,0,3673,4187,0,519,20491,17,overheat,CRJ700-081
792,0,2639,3284,0,946,19339,-15,no_issue,A320-089
985,0,3936,1403,0,686,24241,-18,overheat,E190-036
701,0,2299,640,0,479,33928,8,no_issue,B737-122
1066,0,2399,852,0,892,39479,-49,overheat,A350-061
817,0,2296,241,0,612,11405,-2,no_issue,E190-037
631,0,2352,3582,0,818,37165,24,no_issue,A350-062
1004,0,2875,3402,0,595,15856,-40,overheat,CRJ700-082
817,0,2830,4516,0,734,36252,30,no_issue,A350-063
671,0,3541,501,0,922,25335,-60,no_issue,B737-123
1194,0,2666,2026,0,652,16753,-18,overheat,E190-038
1035,0,2268,3949,0,543,37161,-36,overheat,A350-064
1161,0,2312,2707,0,838,16325,6,overheat,A320-090
862,0,2314,3312,0,599,32637,15,no_issue,B737-124
972,0,2627,1898,0,646,17784,-53,overheat,E190-039
818,0,2258,48,0,845,14494,-59,no_issue,A320-091
883,0,2820,3979,0,646,31429,-3,no_issue,B737-125
958,0,2024,3386,0,668,17188,-58,overheat,E190-040
959,0,3886,1564,0,432,30200,-49,overheat,B737-126
954,0,2156,2442,0,465,16524,-40,overheat,CRJ700-083
938,0,2747,4984,0,946,12233,25,no_issue,A320-092
710,0,2203,576,0,925,34467,30,brake_failure,B737-127
678,0,2018,2338,0,709,10557,-18,no_issue,A320-093
833,0,3471,3400,0,553,28289,20,no_issue,B737-128
829,0,3451,4409,0,410,29223,-41,no_issue,B737-129
647,0,3593,1119,0,604,25430,-52,no_issue,B737-130
826,0,3788,1355,0,835,30211,-22,no_issue,B737-131
1023,0,3593,437,0,508,12113,-37,overheat,CRJ700-084
797,0,2700,741,0,572,22730,14,no_issue,CRJ700-085
897,0,3949,1954,0,711,12259,39,no_issue,A320-094
1161,0,2180,2579,0,884,26777,-21,overheat,B737-132
861,0,2337,4734,0,571,15950,-54,no_issue,CRJ700-086
744,0,2927,2790,0,502,37023,10,no_issue,A350-065
1097,0,2465,4756,0,652,28150,15,overheat,B737-133
1178,0,3114,3394,0,901,29150,-54,overheat,B737-134
1011,0,3375,2217,0,701,20365,32,overheat,A320-095
699,0,3464,2297,0,735,33194,-49,no_issue,B737-135
958,0,3121,2999,0,726,33222,-45,overheat,B737-136
609,0,2216,1826,0,486,37087,22,no_issue,A350-066
696,0,3625,3405,0,784,36571,-8,no_issue,A350-067
675,0,3405,1775,0,900,13703,-36,no_issue,A320-096
923,0,3266,4699,0,721,16204,36,no_issue,A320-097
737,0,2817,3402,0,576,28389,-50,no_issue,B737-137
841,0,3491,607,0,675,18557,-18,no_issue,E190-041
960,0,3398,94,0,848,29978,-29,overheat,B737-138
815,0,2695,199,0,708,26815,-6,no_issue,B737-139
828,0,3405,4296,0,513,24746,-58,no_issue,CRJ700-087
614,0,2522,4885,0,915,32160,7,no_issue,B737-140
613,0,3252,4789,0,641,12108,-33,no_issue,E190-042
639,0,2908,3110,0,849,34824,-1,brake_failure,B737-141
1158,0,2186,4124,0,557,19514,19,overheat,CRJ700-088
629,0,2274,2591,0,468,22405,-50,no_issue,CRJ700-089
1136,0,3720,160,0,521,31753,-33,overheat,B737-142
1194,0,2650,325,0,497,29138,-19,overheat,B737-143
824,0,2951,2550,0,408,35547,26,no_issue,A350-068
1156,0,3496,675,0,793,32143,-30,overheat,B737-144
1191,0,3276,1964,0,563,17202,-2,overheat,CRJ700-090
871,0,2303,4731,0,591,31201,38,no_issue,B737-145
743,0,2419,4576,0,768,29483,11,no_issue,B737-146
1103,0,3396,3865,0,893,35510,-35,overheat,A350-069
1016,0,3458,1246,0,444,38127,-11,overheat,A350-070
976,0,2412,1441,0,888,37302,23,overheat,A350-071
705,0,3033,2780,0,624,36549,-17,no_issue,A350-072
671,0,2091,2440,0,547,16243,5,no_issue,CRJ700-091
784,0,2091,2589,0,922,21934,32,no_issue,A320-098
866,0,3472,2809,0,498,16438,-40,no_issue,CRJ700-092
662,0,2193,3786,0,648,18529,26,no_issue,E190-043
843,0,2844,288,0,688,26054,26,no_issue,B737-147
790,0,3326,4573,0,824,34312,9,no_issue,B737-148
977,0,3066,4572,0,559,12001,-58,overheat,CRJ700-093
634,0,2769,2191,0,811,11139,29,no_issue,A320-099
838,0,3642,4768,0,741,26950,-45,brake_failure,B737-149
946,0,2681,1139,0,436,36218,8,brake_failure,A350-073
1154,0,2016,3886,0,652,37639,-21,overheat,A350-074
1106,0,3538,593,0,904,27172,24,overheat,B737-150
852,0,3400,1775,0,565,28374,4,no_issue,B737-151
692,0,3997,2555,0,773,32837,-32,no_issue,B737-152
910,0,2135,4498,0,465,21238,-30,no_issue,CRJ700-094
1047,0,2876,4968,0,449,34127,-59,overheat,B737-153
865,0,3612,4820,0,435,23164,-24,no_issue,CRJ700-095
803,0,2637,2160,0,840,18527,-33,no_issue,A320-100
1093,0,2897,4306,0,468,17454,-33,overheat,CRJ700-096
778,0,3149,2035,0,586,15373,9,no_issue,CRJ700-097
1071,0,2282,3324,0,776,18664,-27,overheat,A320-101
1108,0,3100,4161,0,569,13714,34,overheat,CRJ700-098
732,0,2701,1519,0,749,32417,-10,no_issue,B737-154
734,0,2005,2383,0,592,18318,3,brake_failure,CRJ700-099
860,0,3900,2828,0,503,26709,-33,no_issue,B737-155
1056,0,3872,922,0,754,22620,-48,overheat,A320-102
1112,0,2372,1723,0,764,22743,-43,overheat,A320-103
1174,0,3896,4924,0,689,12575,33,overheat,E190-044
920,0,2601,840,0,457,22864,18,no_issue,CRJ700-100
1179,0,3263,3879,0,495,16394,-12,overheat,CRJ700-101
772,0,2290,1115,0,722,31579,-19,no_issue,B737-156
985,0,3034,2789,0,923,32452,16,overheat,B737-157
945,0,3561,3249,0,926,12661,-59,brake_failure,A320-104
820,0,2627,3424,0,827,19910,25,no_issue,A320-105
633,0,2854,1539,0,455,22922,-52,no_issue,CRJ700-102
906,0,2093,4663,0,867,13967,-12,no_issue,A320-106
834,0,3101,4066,0,502,39667,-37,no_issue,A350-075
704,0,2616,2840,0,650,14595,32,no_issue,E190-045
723,0,3088,2862,0,549,36850,-22,no_issue,A350-076
857,0,2476,3210,0,939,17493,27,no_issue,A320-107
991,0,2869,583,0,587,12711,38,overheat,CRJ700-103
1099,0,2846,1822,0,732,23676,-13,overheat,A320-108
980,0,3827,4762,0,852,37816,-58,overheat,A350-077
865,0,3655,3120,0,876,25676,-50,no_issue,B737-158
925,0,2815,4670,0,702,20963,-23,brake_failure,A320-109
618,0,3078,1961,0,579,11370,-26,no_issue,CRJ700-104
914,0,3899,1295,0,493,33620,-34,no_issue,B737-159
834,0,3163,1730,0,800,18967,-41,no_issue,A320-110
999,0,3294,345,0,677,10265,-40,overheat,E190-046
